Part_Number,Organization,WIP,Coldhead_Serial_Number,Temps,Arrival_Date,Teardown_Date,Test_Date,Date_Closed,depart_date,status
300388D,,UNKNOWN,SJ02894,,,,,2011-10-05 00:00:00,,
300388D.002,RCZ,29458,J02813,,2013-07-25T07:00:00,,2013-12-11 00:00:00,2014-01-13 00:00:00,,Closed
,,32707,J02331,,2014-02-20 00:00:00,,,2014-04-22 00:00:00,,Closed
300388D.002,,25173,J02151,,,,,,,Closed
300388D.002,RCZ,37074,J01489,,2014-11-04T08:00:00,,,,,Closed
300388D.002,RCZ,38327,J01601,,2015-01-06T08:00:00,,,2015-05-07 00:00:00,,Closed
300388D.002,RCZ,39511,J02731,,2015-03-05T08:00:00,,,2015-07-02 00:00:00,,Closed
300388D.002,RCZ,82991,J01539,,2016-07-19T08:00:00,,,2017-05-02 00:00:00,,Closed
300388D.002,,216135,J02937,,2017-02-04 00:00:00,,,2017-05-02 00:00:00,,Closed
300388D.002,RCZ,221574,J04107,,2017-10-12T08:00:00,,,2017-12-18 00:00:00,,Closed
300388D.002,RCZ,221575,J00871,,2017-10-12T08:00:00,,,2017-12-18 00:00:00,,Closed
300388D.002,,221581,J02792,,2017-10-16 00:00:00,,,2017-12-18 00:00:00,,Closed
300388D.002,,216121,J03871,,2017-10-16 00:00:00,,,2017-12-18 00:00:00,,Closed
300388D.002,RCZ,221574,J04107,,2017-10-12T08:00:00,,,2017-12-18 00:00:00,,Closed
300388D.002,RCZ,221575,J00871,,2017-10-12T08:00:00,,,2017-12-18 00:00:00,,Closed
300388D.002,,221581,J02792,,2017-10-16 00:00:00,,,2017-12-18 00:00:00,,Closed
300388D.002,,216121,J03871,,2017-10-16 00:00:00,,,2017-12-18 00:00:00,,Closed
300388D.002,,224210,J00635,,2018-03-07 00:00:00,,,2018-05-11 00:00:00,,Closed
300388D.002,,216238,J03089(1),,,,2017-02-27 00:00:00,,2017-03-01 00:00:00,Closed
300388D.002,,217996,J03089(2),,2017-05-03 00:00:00,,,,,Closed
300388D.002,,222753,J03089(3),,2017-12-14 00:00:00,,,2018-05-11 00:00:00,,Closed
300388D.002,,227185,J00750,,2018-08-07 00:00:00,,,2018-11-07 00:00:00,,Closed
300388D.002,RCZ,227187,J02587,,2018-08-07T08:00:00,,,2018-11-07 00:00:00,,Closed
300388D.002,,36629,J03584(1),,2014-09-02 00:00:00,,2015-01-09 00:00:00,2015-01-13 00:00:00,2015-01-20 00:00:00,Closed
300388D.002,,217995,J03584(2),,2017-05-03 00:00:00,,2017-07-26 00:00:00,2017-08-10 00:00:00,2017-08-14 00:00:00,Closed
300388D.002,,227549,J03584(3),,2018-08-22 00:00:00,,,2018-11-07 00:00:00,,Closed
300388D.002,,29184,J02301(1),,2013-07-10 00:00:00,,2013-09-13 00:00:00,2013-09-13 00:00:00,2013-09-13 00:00:00,Closed
300388D.002,,47248,J02301(2),,2016-04-12 00:00:00,,2016-05-18 00:00:00,2016-06-09 00:00:00,2016-06-10 00:00:00,Closed
300388D.002,,217573,J02301(3),,2017-04-14 00:00:00,,2017-05-11 00:00:00,2017-05-18 00:00:00,,Closed
300388D.002,,220858,J02301(4),,2017-09-06 00:00:00,,2017-09-21 00:00:00,2017-09-28 00:00:00,2017-09-29 00:00:00,Closed
300388D.002,,221848,J02301(5),,2017-11-21 00:00:00,,,2017-11-21 00:00:00,2017-11-22 00:00:00,Closed
300388D.002,,228519,J02301(6),,2018-10-12 00:00:00,,,2018-11-07 00:00:00,,Open
300388D,,24239,J0310D,,,,,2012-10-23 00:00:00,,Closed
300388D.002,RCZ,22950,J02000,,2012-06-19T08:00:00,,,2012-10-23 00:00:00,,Closed
300388D.002,RCZ,25172,J02805,,2012-10-18T07:00:00,,,2012-12-04 00:00:00,,Closed
300388D,,25175,J03198,,,,,2012-11-13 00:00:00,,Closed
300388D.002,RCZ,24237,J01468,,2012-08-27T08:00:00,,,2012-11-05 00:00:00,,Closed
300388D.002,RCZ,24238,J01446,,2012-08-27T08:00:00,,,2012-10-23 00:00:00,,Closed
300388D.002,RCZ,24236,J01506,,2012-08-27T08:00:00,,,2012-01-17 00:00:00,,Closed
300388D.002,RCZ,25171,J03121,,2012-10-18T07:00:00,,,2013-01-16 00:00:00,,Closed
300388D.002,RCZ,25486,J01497,,2012-11-13T08:00:00,,,2013-01-15 00:00:00,,Closed
300388D,,25496,SJ03228,,,,,2013-01-30 00:00:00,,Closed
300388D.002,RCZ,25954,J02990,,2012-12-05T08:00:00,,,2013-01-29 00:00:00,,Closed
300388D,,26189,J03201,,,,,2013-01-28 00:00:00,,Closed
300388D,,26412,J03156,,,,,2013-01-25 00:00:00,,Closed
300388D.002,,26826,J03195,,,,,2013-03-15 00:00:00,,Closed
300388D.002,RCZ,25172,J02805,,2012-10-18T07:00:00,,,2012-11-09 00:00:00,,Closed
300388D.002,,25174,J03161,,,,,2012-11-19 00:00:00,,Closed
300388D.002,,24239,J0310D,,,,,2012-11-20 00:00:00,,Closed
300388D.002,,27275,J01308,,,,,2013-04-12 00:00:00,,Closed
300388D.002,RCZ,27272,J02358,,2013-03-11T07:00:00,,,2013-04-17 00:00:00,,Closed
300388D.002,RCZ,27273,J02593,,2013-03-11T07:00:00,,,2013-04-18 00:00:00,,Closed
300388D.002,RCZ,27734,J02041,,2013-04-10T07:00:00,,,2013-04-19 00:00:00,,Closed
300388D.002,RCZ,27727,J02255,,2013-04-10T07:00:00,,,2013-04-25 00:00:00,,Closed
300388D.002,RCZ,27726,J01929,,2013-04-10T07:00:00,,,2013-04-22 00:00:00,,Closed
300388D.002,,28301,J02838,,,,,2013-05-28 00:00:00,,Closed
300388D.002,RCZ,28300,SJ02521,,2013-05-03T08:00:00,,,2013-05-21 00:00:00,,Closed
300388D.002,RCZ,28484,J00344,,2013-05-22T08:00:00,,,2013-06-21 00:00:00,,Closed
300388D.002,RCZ,28483,J01916,,2013-05-22T08:00:00,,,2013-07-02 00:00:00,,Closed
300388D.002,,28481,J03216,,,,,2013-07-09 00:00:00,,Closed
300388D.002,,28480,J03054,,,,,2013-07-10 00:00:00,,Closed
300388D.002,RCZ,27725,J01958,,2013-04-10T07:00:00,,,2013-07-25 00:00:00,,Closed
300388D.002,RCZ,28932,J02924,,2013-06-11T08:00:00,,2013-08-14 00:00:00,2013-08-14 00:00:00,2013-08-23 00:00:00,Closed
300388D.002,RCZ,29183,J02075,,2013-07-05T08:00:00,,,2013-08-15 00:00:00,,Closed
300388D.002,RCZ,29187,J02602,,2013-07-05T08:00:00,,2013-08-16 00:00:00,2013-08-16 00:00:00,2013-08-23 00:00:00,Closed
300388D.002,RCZ,29987,J02602,,2013-08-21T08:00:00,,2013-08-16 00:00:00,2013-08-21 00:00:00,2013-08-23 00:00:00,Closed
300388D.002,,29267,J03391,,2013-07-13 00:00:00,,2013-09-03 00:00:00,2013-09-04 00:00:00,2013-09-04 00:00:00,Closed
300388D.002,RCZ,29354,J01941,,2013-07-17T07:00:00,,,2013-09-09 00:00:00,2013-09-06 00:00:00,Closed
300388D.002,RCF,27086,J03286,,2013-02-22T08:00:00,,2013-07-23 00:00:00,2013-09-16 00:00:00,2013-09-16 00:00:00,Closed
300388D.002,,29459,J02436,,2013-08-02 00:00:00,,2013-09-20 00:00:00,2013-09-24 00:00:00,2013-09-24 00:00:00,Closed
300388D.002,,29938,J03161,,2013-08-20 00:00:00,,2013-09-23 00:00:00,2013-10-01 00:00:00,2013-10-02 00:00:00,Open
300388D.002,RCZ,29186,J01600,,2013-07-05T08:00:00,,2013-09-26 00:00:00,2013-10-04 00:00:00,2013-10-04 00:00:00,Closed
300388D.002,,29936,J03130,,2013-08-20 00:00:00,,2013-09-24 00:00:00,2013-10-04 00:00:00,2013-10-04 00:00:00,Closed
300388D.002,RCZ,29332,J03017,,2013-07-11T07:00:00,,2013-09-30 00:00:00,2013-10-11 00:00:00,2013-10-16 00:00:00,Closed
300388D.002,,29937,J02530,,2013-08-20 00:00:00,,2013-09-26 00:00:00,2013-10-11 00:00:00,2013-10-16 00:00:00,Closed
300388D.002,RCZ,29939,J02927,,2013-08-21T08:00:00,,2013-10-01 00:00:00,2013-10-11 00:00:00,2013-10-16 00:00:00,Closed
300388D.002,RCZ,30052,J02041,,2013-09-04T08:00:00,,2013-10-07 00:00:00,2013-10-11 00:00:00,2013-10-16 00:00:00,Closed
300388D.002,,29457,J03691,,2013-08-02 00:00:00,,2014-01-22 00:00:00,2014-01-24 00:00:00,2014-01-24 00:00:00,Closed
300388D.002,RCZ,30053,J02985,,2013-09-04T08:00:00,,2014-12-17 00:00:00,2014-01-13 00:00:00,2014-01-03 00:00:00,Closed
300388D.002,,30328,J03323,,2013-09-20 00:00:00,,2013-12-19 00:00:00,2014-01-13 00:00:00,2014-01-13 00:00:00,Closed
300388D.002,RCZ,30329,J01208,,2013-09-19T08:00:00,,2014-12-18 00:00:00,2014-01-13 00:00:00,2014-01-14 00:00:00,Closed
300388D.002,RCZ,31740,J01294,,2013-12-05T08:00:00,,2014-01-16 00:00:00,2014-01-27 00:00:00,2014-01-27 00:00:00,Closed
300388D.002,RCZ,30871,J01941,,2013-10-08T08:00:00,,2014-01-29 00:00:00,2014-02-13 00:00:00,2014-02-12 00:00:00,Closed
300388D.002,RCZ,30874,J02599,,2013-10-08T08:00:00,,2014-01-30 00:00:00,2014-02-13 00:00:00,2014-02-12 00:00:00,Closed
300388D.002,RCZ,31141,J03210,,2013-11-04T08:00:00,,2014-02-04 00:00:00,2014-02-13 00:00:00,2014-02-12 00:00:00,Closed
300388D.002,RCZ,31741,J01406,,2013-12-05T08:00:00,,2014-02-06 00:00:00,2014-02-13 00:00:00,2014-02-12 00:00:00,Closed
300388D.002,RCZ,31742,J02455,,2013-12-05T08:00:00,,2014-02-11 00:00:00,2014-02-19 00:00:00,2014-02-19 00:00:00,Closed
300388D.002,RCZ,31743,J02856,,2013-12-05T08:00:00,,2014-02-13 00:00:00,2014-02-19 00:00:00,2014-02-19 00:00:00,Closed
300388D.002,RCZ,31745,SJ02525,,2013-12-05T08:00:00,,2014-02-20 00:00:00,2014-02-25 00:00:00,2014-02-26 00:00:00,Closed
300388D.002,,31746,J03150,,2013-12-06 00:00:00,,2014-02-21 00:00:00,2014-02-25 00:00:00,2014-02-26 00:00:00,Closed
300388D.002,,31747,J03473,,2013-12-06 00:00:00,,2014-02-24 00:00:00,2014-02-25 00:00:00,2014-02-26 00:00:00,Closed
300388D.002,,31748,J00333,,2013-12-06 00:00:00,,2014-02-26 00:00:00,2014-03-19 00:00:00,2014-03-12 00:00:00,Closed
300388D.002,RCZ,32055,J01911,,2014-01-17T08:00:00,,2014-03-07 00:00:00,2014-03-19 00:00:00,2014-03-12 00:00:00,Closed
300388D.002,,32056,J02936,,2014-01-29 00:00:00,,2014-03-01 00:00:00,2014-03-19 00:00:00,2014-03-12 00:00:00,Closed
300388D.002,RCZ,32588,J01914,,2014-02-19T08:00:00,,2014-03-11 00:00:00,2014-03-19 00:00:00,2014-03-19 00:00:00,Closed
300388D.002,RCZ,32589,J02741,,2014-02-19T08:00:00,,2014-03-14 00:00:00,2014-03-19 00:00:00,2014-03-19 00:00:00,Closed
300388D.002,RCZ,32590,J02398,,2014-02-19T08:00:00,,2014-03-14 00:00:00,2014-03-19 00:00:00,2014-03-19 00:00:00,Closed
300388D.002,,30054,SJ03676,,2013-09-04 00:00:00,,2013-12-11 00:00:00,2014-03-19 00:00:00,2014-02-04 00:00:00,Closed
300388D.002,RCZ,31140,J02924,,2013-11-04T08:00:00,,2014-01-15 00:00:00,2014-03-19 00:00:00,2014-01-27 00:00:00,Closed
300388D.002,,32591,J03252,,2014-02-20 00:00:00,,2014-03-17 00:00:00,2014-03-26 00:00:00,2014-03-27 00:00:00,Closed
300388D.002,,32592,J03487,,2014-02-20 00:00:00,,2014-03-24 00:00:00,2014-03-26 00:00:00,2014-03-27 00:00:00,Closed
300388D.002,RCZ,32704,J02340,,2014-02-20T08:00:00,,2014-03-21 00:00:00,2014-03-26 00:00:00,2014-03-27 00:00:00,Closed
300388D.002,RCZ,32705,J02907,,2014-02-20T08:00:00,,2014-04-17 00:00:00,2014-04-22 00:00:00,2014-04-23 00:00:00,Closed
300388D.002,RCZ,32706,J02256,,2014-02-20T08:00:00,,2014-04-19 00:00:00,2014-04-22 00:00:00,2014-04-23 00:00:00,Closed
300388D.002,RCZ,32708,J03010,,2014-02-21T08:00:00,,2014-04-22 00:00:00,2014-04-29 00:00:00,2014-04-30 00:00:00,Closed
300388D.002,RCZ,33866,J02868,,2014-04-15T08:00:00,,2014-05-05 00:00:00,2014-05-06 00:00:00,2014-05-07 00:00:00,Closed
300388D.002,RCZ,33867,J02625,,2014-04-15T08:00:00,,2014-04-30 00:00:00,2014-05-06 00:00:00,2014-05-07 00:00:00,Closed
300388D.002,RCZ,33865,J01998,,2014-04-15T08:00:00,,2014-05-06 00:00:00,2014-05-13 00:00:00,2014-05-14 00:00:00,Closed
300388D.002,RCZ,28482,J00460,,2013-05-22T08:00:00,,,2013-06-28 00:00:00,,Closed
300388D.002,RCZ,30330,J00460,,2013-09-19T08:00:00,,2014-05-14 00:00:00,2014-05-20 00:00:00,2014-05-21 00:00:00,Closed
300388D.002,,33870,J03008,,2014-04-16 00:00:00,,2014-05-14 00:00:00,2014-05-20 00:00:00,2014-05-21 00:00:00,Closed
300388D.002,RCZ,34250,J03195,,2014-05-16T08:00:00,,2014-05-29 00:00:00,2014-05-29 00:00:00,2014-05-30 00:00:00,Closed
300388D.002,RCZ,34251,J01544,,2014-05-16T08:00:00,,2014-05-30 00:00:00,2014-06-06 00:00:00,2014-05-30 00:00:00,Closed
300388D.002,RCZ,33868,SJ02540,,2014-04-15T08:00:00,,2014-05-12 00:00:00,2014-08-28 00:00:00,2014-05-14 00:00:00,Closed
300388D.002,,34252,J03074,,2014-05-15 00:00:00,,2014-06-09 00:00:00,2014-08-28 00:00:00,2014-09-01 00:00:00,Closed
300388D.002,,24253,J02442,,2014-05-15 00:00:00,,2014-06-09 00:00:00,2014-08-28 00:00:00,2014-09-01 00:00:00,Closed
300388D.002,,30875,J03372,,2013-10-09 00:00:00,,2014-10-22 00:00:00,2014-11-04 00:00:00,2014-11-07 00:00:00,Closed
300388D.002,RCZ,31740,J01294,,2013-12-05T08:00:00,,2014-10-29 00:00:00,2014-11-13 00:00:00,2014-12-01 00:00:00,Closed
300388D.002,,36632,J02168,,2014-09-02 00:00:00,,2014-11-06 00:00:00,2014-11-13 00:00:00,2014-12-01 00:00:00,Closed
300388D.002,RCZ,35222,J01574,,2014-07-16T07:00:00,,2014-11-18 00:00:00,2014-12-02 00:00:00,2014-12-10 00:00:00,Closed
300388D.002,RCZ,35223,J02861,,2014-07-16T07:00:00,,2014-11-19 00:00:00,2014-12-02 00:00:00,2014-12-10 00:00:00,Closed
300388D.002,,35224,J03362,,2014-07-15 00:00:00,,2014-11-20 00:00:00,2014-12-02 00:00:00,2014-12-10 00:00:00,Closed
300388D.002,,35225,J03355,,2014-07-15 00:00:00,,2014-12-16 00:00:00,2014-01-06 00:00:00,2015-01-07 00:00:00,Closed
300388D.002,RCZ,35232,J02582,,2014-07-16T07:00:00,,2014-12-09 00:00:00,2014-12-19 00:00:00,2015-01-07 00:00:00,Closed
300388D.002,RCZ,35220,J01376,,2014-07-16T07:00:00,,2015-01-21 00:00:00,2015-01-26 00:00:00,2015-02-20 00:00:00,Closed
300388D.002,RCZ,36630,J01735,,2014-09-15T08:00:00,,2015-01-09 00:00:00,2015-01-13 00:00:00,2015-01-20 00:00:00,Closed
300388D.002,RCZ,36631,J01230,,2014-09-15T08:00:00,,2015-01-12 00:00:00,2015-01-26 00:00:00,2015-01-20 00:00:00,Closed
300388D.002,,36633,J03604,,2014-09-02 00:00:00,,2015-01-16 00:00:00,2015-01-26 00:00:00,2015-01-20 00:00:00,Closed
300388D.002,RCZ,35221,J01519,,2014-07-16T07:00:00,,2015-02-02 00:00:00,2015-02-05 00:00:00,2015-02-16 00:00:00,Closed
300388D.002,RCZ,37073,J01900,,2014-11-04T08:00:00,,2015-02-10 00:00:00,2015-02-18 00:00:00,2015-03-13 00:00:00,Closed
300388D.002,,38323,J03876,,2015-01-07 00:00:00,,2015-02-12 00:00:00,2015-02-18 00:00:00,2015-03-13 00:00:00,Closed
300388D.002,RCZ,38326,J02991,,2015-01-06T08:00:00,,2015-02-25 00:00:00,2015-03-09 00:00:00,2015-03-13 00:00:00,Closed
300388D.002,RCZ,38352,J02415,,2014-12-19T08:00:00,,2015-03-01 00:00:00,2015-03-09 00:00:00,2015-03-13 00:00:00,Closed
300388D.002,,38825,J03799,,2015-01-26 00:00:00,,2015-03-24 00:00:00,2015-04-02 00:00:00,2015-04-03 00:00:00,Closed
300388D.002,RCZ,39491,J01639,,2015-03-05T08:00:00,,2015-03-27 00:00:00,2015-04-02 00:00:00,2015-04-03 00:00:00,Closed
300388D.002,RCZ,39495,J02056,,2015-03-05T08:00:00,,2015-03-27 00:00:00,2015-04-02 00:00:00,2015-04-03 00:00:00,Closed
300388D.002,RCZ,39496,J01294,,2015-03-05T08:00:00,,2015-03-31 00:00:00,2015-04-22 00:00:00,2015-05-12 00:00:00,Closed
300388D.002,RCZ,39497,J02082,,2015-03-05T08:00:00,,2015-04-01 00:00:00,2015-04-22 00:00:00,2015-05-12 00:00:00,Closed
300388D.002,RCZ,39498,J00871,,2015-03-05T08:00:00,,2015-04-01 00:00:00,2015-04-22 00:00:00,2015-05-12 00:00:00,Closed
300388D.002,RCZ,40702,J01544,,2015-04-22T08:00:00,,2015-05-10 00:00:00,2015-05-12 00:00:00,2015-05-12 00:00:00,Closed
300388D.002,,45980,J03853,,,,2016-06-27 00:00:00,2016-04-14 00:00:00,,Closed
300388D.002,,42193,J03631,,2015-09-09 00:00:00,,,,2015-09-04 00:00:00,Open
300388D.002,RCZ,43077,J03231,,2015-09-03T08:00:00,,2015-09-16 00:00:00,2015-10-08 00:00:00,2015-10-14 00:00:00,Closed
300388D.002,,43086,J00908,,2015-09-09 00:00:00,,2015-10-13 00:00:00,2015-10-14 00:00:00,,Closed
300388D.002,,43087,J03970,,2015-09-09 00:00:00,,2015-09-22 00:00:00,2015-10-08 00:00:00,2015-10-14 00:00:00,Closed
300388D.002,RCZ,43088,J03073,,2015-09-03T08:00:00,,2015-09-21 00:00:00,2015-10-08 00:00:00,2015-10-14 00:00:00,Closed
300388D.002,RCZ,43758,J01493,,2015-10-22T08:00:00,,2015-11-17 00:00:00,2015-11-25 00:00:00,2015-12-04 00:00:00,Closed
300388D.002,,44842,J02966,,,,2016-02-05 00:00:00,,2016-03-18 00:00:00,Closed
300388D.002,RCZ,44854,J02115,,2015-12-28T08:00:00,,2016-02-09 00:00:00,,2016-03-18 00:00:00,Closed
300388D.002,RCZ,44855,J03604,,2015-12-28T08:00:00,,2016-02-11 00:00:00,,2016-03-18 00:00:00,Closed
300388D.002,,45546,J03816,,,,2016-02-24 00:00:00,,2016-03-18 00:00:00,Closed
300388D.002,,45980,J03853,,2016-03-10 00:00:00,,2016-03-25 00:00:00,2016-04-14 00:00:00,2016-04-15 00:00:00,Closed
300388D.002,,45982,J03439,,2016-03-10 00:00:00,,2016-03-31 00:00:00,2016-04-14 00:00:00,2016-04-15 00:00:00,Closed
300388D.002,RCF,46695,J01900,,2016-04-02T08:00:00,,2016-04-29 00:00:00,2016-05-03 00:00:00,2016-05-06 00:00:00,Closed
300388D.002,,46165,J03482,,2016-02-26 00:00:00,,2016-05-03 00:00:00,2016-05-12 00:00:00,2016-05-13 00:00:00,Closed
300388D.002,RCZ,46557,J03288,,2016-03-18T07:00:00,,2016-05-03 00:00:00,2016-05-12 00:00:00,2016-05-13 00:00:00,Closed
300388D.002,,46679,J03582,,2016-04-06 00:00:00,,2016-05-04 00:00:00,2016-05-12 00:00:00,2016-05-13 00:00:00,Closed
300388D.002,RCZ,46681,SJ03695,,2016-04-01T08:00:00,,2016-05-05 00:00:00,2016-05-12 00:00:00,2016-05-13 00:00:00,Closed
300388D.002,RCZ,46680,J02540,,2016-04-01T08:00:00,,2016-05-12 00:00:00,2016-05-23 00:00:00,2016-06-02 00:00:00,Closed
300388D.002,RCZ,46757,J02920,,2016-04-04T08:00:00,,2016-05-09 00:00:00,2016-05-23 00:00:00,2016-06-02 00:00:00,Closed
300388D.002,,47143,J03475,,2016-04-12 00:00:00,,2016-05-06 00:00:00,2016-05-23 00:00:00,2016-06-02 00:00:00,Closed
300388D.002,RCZ,47249,J03426,,2016-04-19T08:00:00,,2016-05-26 00:00:00,2016-06-09 00:00:00,2016-06-10 00:00:00,Closed
300388D.002,,47382,J02971,,2016-04-29 00:00:00,,2016-05-26 00:00:00,2016-06-09 00:00:00,2016-06-10 00:00:00,Closed
300388D.002,RCZ,47383,J02982,,2016-04-28T08:00:00,,2016-06-06 00:00:00,2016-06-09 00:00:00,2016-06-10 00:00:00,Closed
300388D.002,,47144,J03527,,2016-04-12 00:00:00,,2016-05-19 00:00:00,2016-06-09 00:00:00,2016-06-10 00:00:00,Closed
300388D.002,RCZ,46555,J03049,,2016-03-18T07:00:00,,2016-06-13 00:00:00,2016-06-29 00:00:00,2016-07-15 00:00:00,Closed
300388D.002,RCZ,47384,J02660,,2016-04-28T08:00:00,,2016-06-15 00:00:00,2016-06-29 00:00:00,2016-07-15 00:00:00,Closed
300388D.002,RCZ,47582,J02624,,2016-05-10T08:00:00,,2016-06-20 00:00:00,2016-06-29 00:00:00,2016-07-15 00:00:00,Closed
300388D.002,RCZ,40701,SJ03878,,2015-04-22T08:00:00,,2015-05-10 00:00:00,2015-05-12 00:00:00,2015-05-12 00:00:00,Closed
300388D.002,,47806,SJ03878,,2016-05-31 00:00:00,,2016-06-17 00:00:00,2016-06-29 00:00:00,2016-07-15 00:00:00,Closed
300388D.002,,60965,J03579,,2016-06-21 00:00:00,,2016-07-06 00:00:00,2016-07-12 00:00:00,2016-07-15 00:00:00,Closed
300388D.002,,47250,J03799,,2016-06-21 00:00:00,,2016-06-27 00:00:00,2016-08-10 00:00:00,2016-07-15 00:00:00,Closed
300388D.002,,26827,J03165,,,,,2013-03-11 00:00:00,,Closed
300388D.002,RCZ,93959,J03165,,2016-08-02T08:00:00,,2016-09-12 00:00:00,2016-09-28 00:00:00,,Closed
300388D.002,,215738,J03263,,,,2016-11-02 00:00:00,2017-01-23 00:00:00,2017-01-23 00:00:00,Closed
300388D.002,,161092,J04003,,,,2017-01-09 00:00:00,2017-01-23 00:00:00,,Closed
300388D.002,,161089,J03455,,,,2017-01-11 00:00:00,2017-01-30 00:00:00,,Closed
300388D.002,,171085,J03701,,,,2017-02-06 00:00:00,2017-02-14 00:00:00,2016-02-15 00:00:00,Closed
300388D.002,,215182,J03292,,,,2017-02-03 00:00:00,2017-02-14 00:00:00,2016-02-15 00:00:00,Closed
300388D.002,,161091,J03433,,,,2017-02-15 00:00:00,2017-02-16 00:00:00,2017-02-17 00:00:00,Closed
300388D.002,,30872,J02596,,2013-10-09 00:00:00,,2014-01-13 00:00:00,2014-01-16 00:00:00,2014-01-17 00:00:00,Closed
300388D.002,RCZ,172084,SJ02596,,2016-10-28T08:00:00,,2017-01-13 00:00:00,2017-02-23 00:00:00,2017-02-23 00:00:00,Closed
300388D.002,RCZ,215883,J03896,,2017-01-17T08:00:00,,2017-02-21 00:00:00,2017-02-23 00:00:00,2017-02-23 00:00:00,Closed
300388D.002,,180121,J04030,,,,2017-02-27 00:00:00,2017-03-03 00:00:00,2017-02-28 00:00:00,Closed
300388D.002,,215588,J04040,,2016-12-28 00:00:00,,2017-02-27 00:00:00,2017-03-03 00:00:00,,Closed
300388D.002,,39510,J02632,,2015-03-06 00:00:00,,2015-03-31 00:00:00,2015-04-22 00:00:00,2015-05-12 00:00:00,Closed
300388D.002,RCZ,110082,J02632,,2016-08-25T08:00:00,,2017-02-24 00:00:00,2017-03-03 00:00:00,2017-03-05 00:00:00,Closed
300388D.002,RCZ,216439,J01624,,2017-02-21T08:00:00,,2017-03-10 00:00:00,2017-03-15 00:00:00,,Closed
300388D.002,RCZ,30873,J01624,,2013-10-08T08:00:00,,2014-01-24 00:00:00,2014-03-19 00:00:00,,Closed
300388D.002,RCZ,216906,SJ04003,,2017-03-09T08:00:00,,2017-03-31 00:00:00,2017-04-11 00:00:00,2017-04-13 00:00:00,Closed
300388D.002,RCZ,216297,J03098,,2017-02-08T08:00:00,,2017-03-01 00:00:00,2017-03-10 00:00:00,2017-03-10 00:00:00,Closed
300388D.002,RCZ,44856,J03701,,2015-12-28T08:00:00,,2016-03-15 00:00:00,2016-03-24 00:00:00,2016-03-25 00:00:00,Closed
300388D.002,RCZ,172085,J03701,,2016-10-28T08:00:00,,2017-03-11 00:00:00,2017-02-14 00:00:00,,Closed
300388D.002,RCZ,216942,J00395,,2017-03-13T07:00:00,,2017-03-24 00:00:00,2017-03-28 00:00:00,,Closed
300388D.002,,38794,J04107,,2015-01-20 00:00:00,,2015-03-06 00:00:00,2015-03-09 00:00:00,2015-03-13 00:00:00,Closed
300388D.002,RCZ,215181,J04107,,2016-12-08T08:00:00,,2017-03-01 00:00:00,2017-03-09 00:00:00,2017-03-09 00:00:00,Closed
300388D.002,RCZ,46164,J02623,,2016-02-25T08:00:00,,2016-05-12 00:00:00,2016-05-23 00:00:00,2016-06-02 00:00:00,Closed
300388D.002,RCZ,216440,J02623,,2017-02-21T08:00:00,,2017-03-22 00:00:00,2017-03-23 00:00:00,2017-03-23 00:00:00,Closed
300388D.002,,27274,J02792,,,,,2013-04-15 00:00:00,,Closed
300388D.002,RCZ,37072,J01533,,2014-11-04T08:00:00,,2015-02-03 00:00:00,2015-02-05 00:00:00,2015-02-16 00:00:00,Closed
300388D.002,RCZ,216908,J01533,,2017-03-09T08:00:00,,2017-04-11 00:00:00,2017-04-19 00:00:00,,Closed
300388D.002,,217371,J03300,,2017-03-31 00:00:00,,2017-05-01 00:00:00,2017-05-03 00:00:00,,Closed
300388D.002,,217374,J03484,,2017-03-31 00:00:00,,2017-05-02 00:00:00,2017-05-11 00:00:00,2017-05-15 00:00:00,Closed
300388D.002,RCZ,217657,J01528,,2017-04-18T08:00:00,,2017-05-22 00:00:00,2017-07-17 00:00:00,2017-07-18 00:00:00,Closed
300388D.002,RCZ,215882,J02713,,2017-01-17T08:00:00,,2017-02-17 00:00:00,2017-02-23 00:00:00,2017-02-23 00:00:00,Closed
300388D.002,RCZ,217974,J02713,,2017-05-01T08:00:00,,2017-05-17 00:00:00,2017-07-17 00:00:00,2017-07-18 00:00:00,Closed
300388D.002,RCZ,43757,J01849,,2015-10-22T08:00:00,,2015-11-17 00:00:00,2015-11-25 00:00:00,2015-12-04 00:00:00,Closed
300388D.002,RCZ,218042,J01849,,2017-05-03T08:00:00,,2017-07-24 00:00:00,2017-08-10 00:00:00,2017-08-10 00:00:00,Closed
300388D.002,,38795,J01937,,2015-01-26 00:00:00,,2015-03-05 00:00:00,2015-03-09 00:00:00,2015-03-13 00:00:00,Closed
300388D.002,RCZ,218043,J01937,,2017-05-03T08:00:00,,2017-07-25 00:00:00,2017-08-10 00:00:00,2017-08-10 00:00:00,Closed
300388D.002,RCZ,216907,J02925,,2017-03-09T08:00:00,,2017-03-31 00:00:00,2017-04-11 00:00:00,2017-04-13 00:00:00,Closed
300388D.002,RCF,218192,J02925,,2017-05-16T08:00:00,,2017-08-03 00:00:00,2017-08-15 00:00:00,2017-08-15 00:00:00,Closed
300388D.002,RCZ,217993,J01776,,2017-05-01T08:00:00,,2017-08-31 00:00:00,2017-09-07 00:00:00,2017-09-10 00:00:00,Closed
300388D.002,RCZ,217994,J02084,,2017-05-01T08:00:00,,2017-08-16 00:00:00,2017-08-29 00:00:00,2017-08-29 00:00:00,Closed
300388D.002,,216905,J03855,,2017-03-10 00:00:00,,2017-03-24 00:00:00,2017-03-28 00:00:00,,Closed
300388D.002,RCZ,219029,J03855,,2017-06-06T07:00:00,,2017-08-29 00:00:00,2017-08-31 00:00:00,2017-09-06 00:00:00,Closed
300388D.002,,219424,J03157,,2017-06-22,,2017-08-29 00:00:00,2017-08-31 00:00:00,2017-09-06 00:00:00,Closed
300388D.002,,219425,J03449,,2017-06-27 00:00:00,,2017-09-08 00:00:00,2017-09-15 00:00:00,2017-09-02 00:00:00,Closed
300388D.002,,40699,J04010,,2015-04-24 00:00:00,,2015-05-07 00:00:00,2015-05-12 00:00:00,2015-05-12 00:00:00,Closed
300388D.002,RCZ,219555,J04010,,2017-07-06T08:00:00,,2017-09-07 00:00:00,2017-09-15 00:00:00,2017-09-20 00:00:00,Closed
300388D.002,,124082,J03191,,,,2016-10-01 00:00:00,2017-01-13 00:00:00,,Closed
300388D.002,RCZ,217372,J03191,,2017-03-30T08:00:00,,2017-05-11 00:00:00,2017-05-18 00:00:00,,Closed
300388D.002,RCZ,219912,J03191,,2017-07-27T08:00:00,,2017-09-17 00:00:00,2017-09-20 00:00:00,2017-09-20 00:00:00,Closed
300388D.002,,217578,J03023,,2017-04-14 00:00:00,,2017-05-09 00:00:00,2017-05-18 00:00:00,,Closed
300388D.002,,219913,J03023,,2017-06-27 00:00:00,,2017-08-31 00:00:00,2017-09-07 00:00:00,2017-09-10 00:00:00,Closed
300388D.002,,217373,J03836,,2017-03-31 00:00:00,,2017-05-01 00:00:00,2017-05-03 00:00:00,,Closed
300388D.002,RCF,220745,J03836,,2017-08-29T08:00:00,,2017-05-01 00:00:00,2017-08-29 00:00:00,2017-08-29 00:00:00,Closed
300388D.002,RCZ,221072,J02238,,2017-09-19T08:00:00,,2017-09-26 00:00:00,2017-09-28 00:00:00,2017-09-28 00:00:00,Closed
300388D.002,RCZ,217580,J01768,,2017-04-12T08:00:00,,2017-05-17 00:00:00,2017-05-25 00:00:00,2017-05-26 00:00:00,Closed
300388D.002,RCZ,220863,J01768,,2017-09-07T08:00:00,,2017-09-21 00:00:00,2017-09-28 00:00:00,2017-09-28 00:00:00,Closed
300388D.002,RCZ,220955,J04157,,2017-09-12T08:00:00,,2017-09-14 00:00:00,2017-09-20 00:00:00,2017-09-20 00:00:00,Closed
300388D.002,,221148,J03853,,2017-09-22 00:00:00,,2017-09-27 00:00:00,2017-09-29 00:00:00,2017-10-12 00:00:00,Closed
300388D.002,RCZ,221149,J00832,,2017-09-21T08:00:00,,2017-09-28 00:00:00,2017-10-12 00:00:00,,Closed
300388D.002,RCZ,221286,J01361,,2017-10-03T08:00:00,,2017-10-20 00:00:00,2017-10-25 00:00:00,2017-10-27 00:00:00,Closed
300388D.002,RCZ,28931,J01991,,2013-06-11T08:00:00,,2013-07-26 00:00:00,2014-03-19 00:00:00,2013-08-19 00:00:00,Closed
300388D.002,RCZ,221287,J01991,,2017-10-03T08:00:00,,2017-10-19 00:00:00,2017-10-25 00:00:00,2017-10-27 00:00:00,Closed
300388D.002,RCZ,221295,J03145,,2017-10-04T08:00:00,,2017-10-20 00:00:00,2017-10-25 00:00:00,2017-10-27 00:00:00,Closed
300388D.002,RCZ,44856,J03701,,2015-12-28T08:00:00,,2016-03-11 00:00:00,2016-03-24 00:00:00,,Closed
300388D.002,RCZ,172085,J03701,,2016-10-28T08:00:00,,2017-02-06 00:00:00,2017-02-14 00:00:00,,Closed
300388D.002,RCZ,221296,J03701,,2017-10-04T08:00:00,,2017-10-23 00:00:00,2017-10-25 00:00:00,2017-10-27 00:00:00,Closed
300388D.002,,131090,J02257(1),,,,2017-01-12 00:00:00,2017-01-12 00:00:00,,Closed
300388D.002,,218153,J02257(2),,2017-06-06,,,2017-08-23 00:00:00,,Closed
300388D.002,,221573,J02257(3),,2017-10-16 00:00:00,,2017-10-27 00:00:00,2017-11-21 00:00:00,2017-11-22 00:00:00,Closed
300388D.002,,38794,J04107,,2015-01-20 00:00:00,,2015-03-06 00:00:00,2015-03-09 00:00:00,2015-03-13 00:00:00,Closed
300388D.002,,221576,J03057,,2017-10-16 00:00:00,,2017-10-27 00:00:00,2017-11-21 00:00:00,2017-11-22 00:00:00,Closed
300388D.002,RCZ,38325,SJ02792,,2015-01-06T08:00:00,,2015-03-24 00:00:00,2015-04-02 00:00:00,2015-04-03 00:00:00,Closed
300388D.002,RCF,216900,SJ02792,,2017-03-14T07:00:00,,2017-03-22 00:00:00,2017-03-23 00:00:00,2017-03-23 00:00:00,Closed
300388D.002,,46555,J03049(1),,2016-03-18 00:00:00,,2016-06-13 00:00:00,2016-06-29 00:00:00,2016-07-21 00:00:00,Closed
300388D.002,,221786,J03049(2),,2017-10-20 00:00:00,,2017-10-31 00:00:00,2017-11-21 00:00:00,2017-11-22 00:00:00,Closed
300388D.002,,217657,J01528(1),,2017-04-18 00:00:00,,2017-05-22 00:00:00,2017-07-17 00:00:00,2017-07-18 00:00:00,Closed
300388D.002,,221787,J01528(2),,2017-10-20 00:00:00,,11/31/2017,2017-11-21 00:00:00,2017-11-22 00:00:00,Closed
300388D.002,,219028,J01029(1),,2017-06-06,,2017-08-25 00:00:00,2017-08-24 00:00:00,2017-08-29 00:00:00,Closed
300388D.002,,221933,J01029(2),,2017-11-03 00:00:00,,2017-12-06 00:00:00,2017-12-07 00:00:00,2017-12-08 00:00:00,Closed
300388D.002,,31744,J02996(1),,2013-12-06 00:00:00,,2014-02-19 00:00:00,2014-02-25 00:00:00,2014-02-26 00:00:00,Closed
300388D.002,,221934,J02996(2),,2017-11-03 00:00:00,,2017-12-05 00:00:00,2017-12-07 00:00:00,2017-12-08 00:00:00,Closed
300388D.002,,222210,J03907,,2017-11-21 00:00:00,,2017-12-12 00:00:00,2017-12-15 00:00:00,2017-12-18 00:00:00,Closed
300388D.002,RCZ,222775,J02788,,2017-12-15T08:00:00,,2018-01-08 00:00:00,2018-01-11 00:00:00,2018-01-19 00:00:00,Closed
300388D.002,RCZ,222975,J03288,,2018-01-08T08:00:00,,2018-01-22 00:00:00,2018-01-25 00:00:00,2018-01-26 00:00:00,Closed
300388D.002,,222976,J03033,,2018-01-08 00:00:00,,2018-01-23 00:00:00,2018-02-01 00:00:00,2018-02-02 00:00:00,Closed
300388D.002,,223281,J03875,,2018-01-26 00:00:00,,2018-02-05 00:00:00,2018-02-06 00:00:00,2018-02-09 00:00:00,Closed
300388D.002,,223104,J01858,,2018-01-26 00:00:00,,2018-02-06 00:00:00,2018-02-07 00:00:00,2018-02-09 00:00:00,Closed
300388D.002,RCZ,223283,J02613,,2018-01-25T08:00:00,,2018-02-08 00:00:00,2018-02-13 00:00:00,2018-02-16 00:00:00,Closed
300388D.002,RCZ,223678,J02048,,2018-02-06T08:00:00,,2018-02-27 00:00:00,2018-03-13 00:00:00,2018-03-16 00:00:00,Closed
300388D.002,,63938,J03898(1),,2016-06-21 00:00:00,,2016-07-06 00:00:00,2016-07-12 00:00:00,2016-07-15 00:00:00,Closed
300388D.002,,216909,J03898(2),,2017-03-10 00:00:00,,2017-04-11 00:00:00,2017-04-19 00:00:00,,Closed
300388D.002,,223826,J03898(3),,2018-02-16 00:00:00,,2018-03-08 00:00:00,2018-03-13 00:00:00,2018-03-16 00:00:00,Closed
300388D.002,,223827,J03517,,2018-02-16 00:00:00,,2018-03-07 00:00:00,2018-03-13 00:00:00,2018-03-16 00:00:00,Closed
300388D.002,,161090,J03908(1),,,,2017-01-12 00:00:00,2017-01-30 00:00:00,,Closed
300388D.002,,223828,J03908(2),,2018-02-16 00:00:00,,2018-03-08 00:00:00,2018-03-13 00:00:00,2018-03-16 00:00:00,Closed
300388D.002,,39491,J01639(1),,2015-03-06 00:00:00,,2015-03-27 00:00:00,2015-04-02 00:00:00,2015-04-03 00:00:00,Closed
300388D.002,,223837,J01639(2),,2018-02-16 00:00:00,,2018-03-07 00:00:00,2018-03-13 00:00:00,2018-03-16 00:00:00,Closed
300388D.002,RCZ,224210,J00091,,2018-03-06T08:00:00,,2018-03-21 00:00:00,2017-03-22 00:00:00,2018-03-23 00:00:00,Closed
300388D.002,,224291,J03397,,2018-03-07 00:00:00,,2018-03-21 00:00:00,2017-03-22 00:00:00,2018-03-23 00:00:00,Closed
300388D.002,,219731,J03785(1),,2017-06-27 00:00:00,,2017-09-11 00:00:00,2017-09-18 00:00:00,2017-09-20 00:00:00,Closed
300388D.002,,221618,J03785(2),,2018-03-16 00:00:00,,2018-03-20 00:00:00,2017-03-22 00:00:00,2018-03-23 00:00:00,Closed
,,37075,SJ03071(1),,2014-11-05 00:00:00,,2015-02-11 00:00:00,2015-02-18 00:00:00,2015-03-13 00:00:00,Closed
300388D.002,,224508,SJ03071(2),,2018-03-26 00:00:00,,2018-03-30 00:00:00,2018-04-05 00:00:00,2018-04-06 00:00:00,Closed
300388D.002,,217580,J01768(1),,2017-04-14 00:00:00,,2017-05-17 00:00:00,2017-05-25 00:00:00,2017-05-26 00:00:00,Closed
300388D.002,,220863,J01768(2),,2017-09-07 00:00:00,,2017-09-21 00:00:00,2017-09-28 00:00:00,2017-09-28 00:00:00,Closed
300388D.002,,224507,J01768(3),,2018-03-21 00:00:00,,2018-04-05 00:00:00,2018-04-11 00:00:00,2018-04-13 00:00:00,Closed
300388D.002,,25487,J00679(1),,,,,2018-01-30 00:00:00,,Closed
300388D.002,,224700,J00679(2),,2018-03-29 00:00:00,,2018-04-10 00:00:00,2018-04-11 00:00:00,2018-04-13 00:00:00,Closed
300388D.002,,217656,J03583(1),,2017-04-14 00:00:00,,2017-05-18 00:00:00,2017-05-25 00:00:00,2017-05-26 00:00:00,Closed
300388D.002,,224556,J03583(2),,2018-03-23 00:00:00,,2018-04-11 00:00:00,2018-04-17 00:00:00,2018-04-20 00:00:00,Closed
300388D.002,,161088,J01281(1),,,,2017-01-31 00:00:00,2017-02-07 00:00:00,,Closed
300388D.002,,224701,J01281(2),,2018-03-29 00:00:00,,2018-04-11 00:00:00,2018-04-17 00:00:00,2018-04-20 00:00:00,Closed
300388D.002,,222974,J02611(1),,2018-01-08 00:00:00,,2018-01-23 00:00:00,2018-01-25 00:00:00,2018-01-26 00:00:00,Closed
300388D.002,,224253,J02611(2),,2018-03-23 00:00:00,,2018-04-20 00:00:00,2018-05-03 00:00:00,2018-05-04 00:00:00,Closed
300388D.002,,225457,J04099,,2018-04-25 00:00:00,,2018-05-15 00:00:00,2018-05-17 00:00:00,2018-05-18 00:00:00,Closed
300388D.002,,225482,J04297,,2018-05-07 00:00:00,,2018-05-15 00:00:00,2018-05-17 00:00:00,2018-05-18 00:00:00,Closed
300388D.002,,217579,J00992,,2017-04-14 00:00:00,,2017-09-12 00:00:00,2017-08-31 00:00:00,2017-09-20 00:00:00,Closed
300388D.002,RCZ,225565,J00992,,2018-05-02T08:00:00,,2018-05-17 00:00:00,2018-05-22 00:00:00,2018-05-25 00:00:00,Closed
300388D.002,,225566,J03490,,2018-05-07 00:00:00,,2018-05-17 00:00:00,2018-05-22 00:00:00,2018-05-25 00:00:00,Closed
300388D.002,RCZ,216238,J03089,,2017-02-07T08:00:00,,2017-02-27 00:00:00,2017-03-03 00:00:00,2017-03-01 00:00:00,Closed
300388D.002,RCZ,217996,J03089,,2017-05-01T08:00:00,,,,,Closed
300388D.002,,225643,J03669,,2018-05-11 00:00:00,,2018-06-05 00:00:00,2018-06-07 00:00:00,2018-06-08 00:00:00,Closed
300388D.002,RCF,225886,J01639,,2018-05-21T07:00:00,,2018-06-05 00:00:00,2018-06-07 00:00:00,2018-06-08 00:00:00,Closed
300388D.002,,217370,SJ03190(1),,2017-03-31 00:00:00,,2017-04-13 00:00:00,2017-04-14 00:00:00,2017-04-14 00:00:00,Closed
300388D.002,,220114,J03190(2),,2017-08-08 00:00:00,,2017-09-13 00:00:00,2017-09-20 00:00:00,2017-09-20 00:00:00,Closed
300388D.002,,223280,J03190(3),,2018-01-26 00:00:00,,2018-06-07 00:00:00,2018-06-13 00:00:00,2018-06-15 00:00:00,Closed
300388D.002,RCZ,225845,J00263,,2018-05-17T07:00:00,,2018-06-06 00:00:00,2018-06-13 00:00:00,2018-06-15 00:00:00,Closed
300388D.002,RCZ,225847,J01200,,2018-05-17T07:00:00,,2018-06-06 00:00:00,2018-06-13 00:00:00,2018-06-15 00:00:00,Closed
300388D.002,,33869,J01710(1),,2014-04-16 00:00:00,,2014-05-08 00:00:00,2014-05-13 00:00:00,2014-05-14 00:00:00,Closed
300388D.002,,221073,J01710(2),,2017-09-21 00:00:00,,2017-09-26 00:00:00,2017-09-28 00:00:00,2017-09-28 00:00:00,Closed
300388D.002,,223105,J01710(3),,2018-01-26 00:00:00,,,2018-11-17 00:00:00,2018-03-20 00:00:00,Closed
300388D.002,,29456,J03416,,2013-08-02 00:00:00,,2013-10-02 00:00:00,2013-10-11 00:00:00,2013-10-16 00:00:00,Closed
300388D.002,,UNKNOWN,J03416,,,,,2018-06-21 00:00:00,,
300388D.002,,226424,J03624,,2018-06-14 00:00:00,,2018-09-11 00:00:00,2018-09-11 00:00:00,2018-10-05 00:00:00,Closed
300388D.002,RCZ,226425,J02929,,2018-06-14T07:00:00,,2019-09-06 00:00:00,2019-09-12 00:00:00,2018-09-14 00:00:00,Closed
300388D.002,,217992,J01259(1),,2017-05-03 00:00:00,,2017-08-25 00:00:00,2017-08-29 00:00:00,2017-08-29 00:00:00,Closed
300388D.002,,226426,J01259(2),,2018-06-14 00:00:00,,2018-09-06 00:00:00,2018-09-12 00:00:00,2018-09-14 00:00:00,Closed
300388D.002,,221931,J02008(1),,2017-11-03 00:00:00,,2017-12-01 00:00:00,2017-12-07 00:00:00,2017-12-08 00:00:00,Closed
300388D.002,,225177,J02008(2),,2018-04-11 00:00:00,,2018-04-20 00:00:00,2018-05-03 00:00:00,2018-05-04 00:00:00,Closed
300388D.002,,226606,J02008(3),,2018-06-18 00:00:00,,2018-09-24 00:00:00,2018-09-27 00:00:00,2018-09-28 00:00:00,Closed
300388D.002,,40700,J02759(1),,2015-04-24 00:00:00,,2015-05-07 00:00:00,2015-05-12 00:00:00,2015-05-12 00:00:00,Closed
300388D.002,,226656,J02759(2),,2018-06-28 00:00:00,,2018-09-29 00:00:00,2018-10-01 00:00:00,,Closed
300388D.002,RCZ,219817,J01394,,2017-07-21T08:00:00,,2017-09-11 00:00:00,2017-09-18 00:00:00,2017-09-20 00:00:00,Closed
300388D.002,RCZ,226657,J01394,,2018-06-28T08:00:00,,2018-09-29 00:00:00,2018-10-02 00:00:00,,Closed
300388D.002,RCZ,227186,J02520,,2018-08-07T08:00:00,,2018-10-01 00:00:00,2018-10-04 00:00:00,2018-10-05 00:00:00,Closed
300388D.002,RCZ,131089,J02587,,2016-09-14T08:00:00,,2016-10-31 00:00:00,2017-01-13 00:00:00,,Closed
300388D.002,,227431,J03248,,2018-08-10 00:00:00,,2018-10-01 00:00:00,2018-10-04 00:00:00,2018-10-05 00:00:00,Closed
300388D.002,,227432,J03884,,2018-08-10 00:00:00,,2018-10-11 00:00:00,2018-10-16 00:00:00,2018-10-19 00:00:00,Closed
300388D.002,,227433,J01711,,2018-08-10 00:00:00,,2018-10-11 00:00:00,2018-10-16 00:00:00,2018-10-19 00:00:00,Closed
300388D.002,,29355,J03281(1),,2013-08-02 00:00:00,,2014-09-29 00:00:00,2014-10-14 00:00:00,2014-10-15 00:00:00,Closed
300388D.002,,221932,J03281(2),,2017-11-03 00:00:00,,2017-12-05 00:00:00,2017-12-07 00:00:00,2017-12-08 00:00:00,Closed
300388D.002,,222985,J03281(3),,2018-01-08 00:00:00,,2018-01-29 00:00:00,2018-02-01 00:00:00,2018-02-02 00:00:00,Closed
300388D.002,,227545,J03281(4),,2018-08-22 00:00:00,,2018-09-24 00:00:00,2018-09-27 00:00:00,2018-09-28 00:00:00,Closed
300388D.002,,227579,J03004,,2018-08-28 00:00:00,,2018-10-03 00:00:00,2018-10-11 00:00:00,2018-10-12 00:00:00,Closed
300388D.002,,223284,J03185(1),,2018-01-26 00:00:00,,2018-02-07 00:00:00,2018-02-13 00:00:00,2019-02-16 00:00:00,Closed
300388D.002,,227581,J03185(2),,2018-08-24 00:00:00,,2018-10-12 00:00:00,2018-10-18 00:00:00,2018-10-28 00:00:00,Closed
300388D.002,,217572,J03510(1),,2017-04-14 00:00:00,,2017-05-02 00:00:00,2017-05-11 00:00:00,2017-05-15 00:00:00,Closed
300388D.002,,227580,J03510(2),,2018-08-28 00:00:00,,2018-10-03 00:00:00,2018-10-11 00:00:00,2018-10-12 00:00:00,Closed
300388D.002,RCZ,227754,J02666,,2018-08-30T08:00:00,,2018-10-12 00:00:00,2018-10-18 00:00:00,2018-10-18 00:00:00,Closed
300388D.002,,226619,J01812,,2018-09-07 00:00:00,,2018-10-18 00:00:00,2018-10-26 00:00:00,2018-10-29 00:00:00,Closed
300388D.002,,226620,J03724,,2018-09-07 00:00:00,,2018-10-18 00:00:00,2018-10-26 00:00:00,2018-10-29 00:00:00,Closed
300388D.002,,29185,J02631(1),,2013-07-10 00:00:00,,2013-08-29 00:00:00,2013-09-04 00:00:00,2013-09-04 00:00:00,Closed
300388D.002,,227893,J02631(2),,2018-09-14 00:00:00,,2018-10-23 00:00:00,2018-10-26 00:00:00,2018-10-29 00:00:00,Closed
300388D.002,,28299,J01654 (1),,,,,2013-05-23 00:00:00,,Closed
,,UNKNOWN,UNKNOWN_SERIAL,,,,,,,
300388D.002,,228518,J01654 (2),,2018-10-12 00:00:00,,2018-10-26 00:00:00,2018-11-01 00:00:00,2018-11-02 00:00:00,Closed
300388D.002,,228520,J03411,,2018-10-12 00:00:00,,2018-11-01 00:00:00,2018-11-29 00:00:00,2018-11-30 00:00:00,Closed
300388D.002,,31139,J02480(1),,2013-11-07 00:00:00,,2014-10-27 00:00:00,2014-11-04 00:00:00,2014-11-07 00:00:00,Closed
300388D.002,,220857,J02480(2),,2017-09-06 00:00:00,,2017-09-23 00:00:00,2017-09-28 00:00:00,2017-09-29 00:00:00,Closed
300388D.002,,228518,J02480(3),,2018-10-12 00:00:00,,2018-10-26 00:00:00,2018-11-01 00:00:00,2018-11-02 00:00:00,Closed
300388D.002,,45981,J04032(1),,,,2016-03-17 00:00:00,,2016-03-25 00:00:00,Closed
300388D.002,,228522,J04032(2),,2018-10-12 00:00:00,,2018-10-29 00:00:00,2018-11-01 00:00:00,2018-11-02 00:00:00,Closed
300388D.002,,221147,J01589(1),,2017-09-22 00:00:00,,2017-09-27 00:00:00,2017-09-29 00:00:00,2017-10-12 00:00:00,Closed
300388D.002,,222808,J01589(2),,2018-12-15 00:00:00,,,2018-01-11 00:00:00,2018-01-19 00:00:00,Closed
300388D.002,,228523,J01589(3),,2018-10-12 00:00:00,,2018-10-29 00:00:00,2018-11-01 00:00:00,2018-11-02 00:00:00,Closed
300388D.002,,222774,J03287(1),,2018-12-15 00:00:00,,2018-01-08 00:00:00,2018-01-11 00:00:00,2018-01-19 00:00:00,Closed
300388D.002,,228291,J03287(2),,2018-09-27 00:00:00,,2018-10-23 00:00:00,2018-10-29 00:00:00,2018-10-29 00:00:00,Closed
300388D.002,,226427,J03055,,2018-06-14 00:00:00,,2018-09-11 00:00:00,2018-09-19 00:00:00,2018-09-19 00:00:00,Closed
300388D.002,,228702,J03055,,2018-11-29 00:00:00,,2018-11-26 00:00:00,2018-11-29 00:00:00,2018-11-30 00:00:00,Closed
300388D.002,,228703,J03918,,2018-11-29 00:00:00,,2018-11-26 00:00:00,2018-11-29 00:00:00,2018-11-30 00:00:00,Closed
300388D.002,RCZ,228928,J01336,,2018-11-01T08:00:00,,2018-11-30 00:00:00,2018-12-07 00:00:00,,Closed
300388D.002,RCZ,228929,J02082,,2018-11-01T08:00:00,,2018-11-30 00:00:00,2018-12-07 00:00:00,,Closed
300388D.002,,228935,J04016,,2018-11-07 00:00:00,,2019-01-10 00:00:00,2019-01-14 00:00:00,2019-01-18 00:00:00,Closed
300388D.002,RCZ,228936,J01858,,2018-11-02T08:00:00,,2019-01-04 00:00:00,2019-01-09 00:00:00,2019-01-11 00:00:00,Closed
300388D.002,RCZ,229091,J00549,,2018-11-13T09:00:00,,2019-01-02 00:00:00,2019-01-04 00:00:00,2019-01-11 00:00:00,Closed
300388D.002,RCZ,229092,J00475,,2018-11-09T09:00:00,,2019-01-09 00:00:00,2019-01-10 00:00:00,2019-01-18 00:00:00,Closed
300388D.002,,229093,J03517,,2018-11-21 00:00:00,,,,,Open
300388D.002,,229243,J03987,,2018-12-07 00:00:00,,2019-01-31 00:00:00,2019-02-04 00:00:00,2019-02-08 00:00:00,Closed
300388D.002,RCZ,229244,J02084,,2018-11-28T09:00:00,,2019-02-04 00:00:00,2019-02-06 00:00:00,2019-02-08 00:00:00,Closed
300388D.002,RCZ,229245,J04154,,2018-11-28T09:00:00,,2019-02-20 00:00:00,2019-02-21 00:00:00,2019-02-22 00:00:00,Closed
300388D.002,RCZ,229246,J02453,,2018-11-28T09:00:00,,2019-01-11 00:00:00,2019-01-16 00:00:00,2019-01-18 00:00:00,Closed
300388D.002,RCF,229170,J03884,,2018-11-19T09:00:00,,2018-12-26 00:00:00,,2019-01-04 00:00:00,Closed
300388d.002,,229738,J02631,,2018-12-13 00:00:00,,2018-12-31 00:00:00,,2019-01-11 00:00:00,Closed
300388d.002,,229909,J01633,,2019-01-03 00:00:00,,2019-01-29 00:00:00,2019-01-31 00:00:00,2019-02-01 00:00:00,Closed
300388D.002,,229910,j03785,,2019-01-04 00:00:00,,2019-02-21 00:00:00,2019-03-05 00:00:00,2019-03-08 00:00:00,CLOSED
300388D.002,RCZ,229801,J03816,,2018-12-20T09:00:00,,2019-02-21 00:00:00,2019-03-05 00:00:00,2019-03-08 00:00:00,CLOSED
300388D.002,RCZ,229802,J03287,,2018-12-20T09:00:00,,2019-04-26 00:00:00,2019-05-06 00:00:00,2019-05-10 00:00:00,CLOSED
300388D.002,RCZ,229803,J01768,,2018-12-20T09:00:00,,2019-06-21 00:00:00,2019-06-21 00:00:00,2019-06-28 00:00:00,Closed
300388D.002,RCZ,229775,J01937,,2018-12-18T09:00:00,,2019-07-12 00:00:00,2019-07-19 00:00:00,2019-07-19 00:00:00,CLOSED
300388D.002,RCZ,229911,J02818,,2019-01-03T09:00:00,,2019-07-19 00:00:00,2019-07-26 00:00:00,2019-08-02 00:00:00,Closed
300388D.002,RCZ,230832,J01735,,2019-02-07T09:00:00,,2019-07-29 00:00:00,2019-07-30 00:00:00,2019-08-02 00:00:00,Closed
300388D.002,RCZ,230966,SJ02716,,2019-02-15T09:00:00,,2019-08-06 00:00:00,2019-08-09 00:00:00,2019-08-16 00:00:00,Closed
300388D.002,RCZ,230831,J03191,,2019-02-07T09:00:00,,2019-08-12 00:00:00,2019-08-12 00:00:00,2019-08-16 00:00:00,Closed
300388D.002,RCZ,230249,J03527,,2019-01-10T09:00:00,,2019-08-16 00:00:00,2019-08-16 00:00:00,2019-08-23 00:00:00,Closed
300388D.002,RCZ,232118,SJ03060,,2019-04-24T08:00:00,,2019-08-19 00:00:00,2019-08-28 00:00:00,2019-08-30 00:00:00,Closed
300888D.002,,234394,J04154,,2019-08-21,,2019-08-30 00:00:00,2019-09-03 00:00:00,2019-09-06 00:00:00,Closed
300388D.002,,321665,J04032,,2019-03-26 00:00:00,,2019-09-03 00:00:00,2019-09-06 00:00:00,2019-09-13 00:00:00,Closed
300388D.002,RCZ,230357,SJ03482,,2019-01-17T09:00:00,,2019-09-04 00:00:00,2019-09-09 00:00:00,2019-09-13 00:00:00,CLOSED
300388D.002,RCZ,232021,J03190,,2019-04-16T08:00:00,,2019-09-05 00:00:00,2019-09-10 00:00:00,2019-09-13 00:00:00,Closed
300388D.002,,230965,J03393,,2019-02-15 00:00:00,,2019-09-11 00:00:00,2019-09-11 00:00:00,2019-09-13 00:00:00,Closed
300388D.002,,230835,J03838,,2019-02-07 00:00:00,,2019-10-21 00:00:00,2019-10-21 00:00:00,2019-10-25 00:00:00,Closed
300388D.002,,230356,J03942,,2019-01-18 00:00:00,,2019-10-21 00:00:00,2019-11-04 00:00:00,2019-11-01 00:00:00,Closed
300388D.002,RCZ,230967,J02618,,2019-02-15T09:00:00,,2019-11-04 00:00:00,2019-11-07 00:00:00,2019-11-08 00:00:00,Closed
300388D.002,RCZ,235721,J01719,,2019-11-04T09:00:00,,2019-11-04 00:00:00,2019-11-07 00:00:00,2019-11-07 00:00:00,Closed
300388D.002,RCZ,234769,J03970,,2019-09-17T08:00:00,,2019-11-19 00:00:00,2019-11-20 00:00:00,2019-11-22 00:00:00,Closed
300388D.002,RCZ,231268,J03121,,2019-03-11T08:00:00,,2019-11-14 00:00:00,2019-11-20 00:00:00,2019-11-22 00:00:00,Closed
300388D.002,RCZ,235976,J01941,,2019-11-21T09:00:00,,2019-11-14 00:00:00,2019-11-25 00:00:00,2019-11-22 00:00:00,Closed
300388D.002,,234770,J03723,,2019-09-17 00:00:00,,SCRAP,2019-11-26 00:00:00,SCRAP,Closed
300388D.002,RCZ,232219,J02593,,2019-05-02T08:00:00,,2019-12-03 00:00:00,2019-12-05 00:00:00,2019-12-06 00:00:00,Closed
300388D.002,RCZ,230833,J01991,,2019-02-07T09:00:00,,2019-12-05 00:00:00,2019-12-11 00:00:00,2019-12-13 00:00:00,Closed
300388D.002,,235742,J03100,,2019-11-05 00:00:00,,2019-12-05 00:00:00,2019-12-12 00:00:00,2019-12-13 00:00:00,Closed
300388D.002,RCZ,235743,J04154,,2019-11-05T09:00:00,,SCRAP,2019-12-13 00:00:00,SCRAP,Closed
300388D.002,,235730,J03098,,2019-11-04 00:00:00,,2019-12-12 00:00:00,2019-12-16 00:00:00,2019-12-20 00:00:00,Closed
300388D.002,RCF,232198,J03987,,2019-05-02T08:00:00,,,2019-12-19 00:00:00,,Closed
300388D.002,RCZ,236222,J02084,,2019-12-06T09:00:00,,2019-12-17 00:00:00,2019-12-19 00:00:00,2019-12-20 00:00:00,Closed
300388D.002,RCZ,235230,J02268,,2019-10-17T08:00:00,,2019-12-19 00:00:00,2020-01-02 00:00:00,2020-01-10 00:00:00,Closed
300388D.002,,235742,J03100,,2019-11-05 00:00:00,,2019-12-05 00:00:00,2019-12-12 00:00:00,2020-01-10 00:00:00,Closed
300388d.002,,235231,J01900,,2019-10-17 00:00:00,,2019-12-19 00:00:00,2020-01-22 00:00:00,2020-01-24 00:00:00,Closed
300388d.002,,236555,J03190,,2020-01-03 00:00:00,,2020-01-23 00:00:00,2020-01-23 00:00:00,2020-01-24 00:00:00,Closed
300388D.002,RCZ,233423,J03035,,2019-06-25T08:00:00,,2020-01-23 00:00:00,2020-01-24 00:00:00,2020-01-31 00:00:00,CLOSED
300388D.002,RCZ,235744,J00446,,2019-11-05T09:00:00,,na,2020-02-10 00:00:00,na,Closed
300388D.002,RCF,236977,J01991,,2020-01-28T09:00:00,,,2020-02-14 00:00:00,2020-02-21 00:00:00,Closed
300388D.002,RCZ,234958,J01574,,2019-10-01T08:00:00,,2020-02-06 00:00:00,2020-02-21 00:00:00,2020-02-28 00:00:00,Closed
300388D.002,RCZ,,J01776,,2019-05-14T07:00:00,,2020-03-23 00:00:00,2020-03-26 00:00:00,2020-03-27 00:00:00,Closed
300388D.002,,,j02203,,2019-11-07 00:00:00,,2020-03-20 00:00:00,2020-03-26 00:00:00,2020-03-27 00:00:00,Closed
300388D.002,,,j03972,,2020-03-03 00:00:00,,2020-03-12 00:00:00,2020-03-18 00:00:00,2020-03-20 00:00:00,Closed
300388D.002,,,SJ03695,,2019-05-30 00:00:00,,2020-03-02 00:00:00,2020-03-11 00:00:00,2020-03-13 00:00:00,Closed
300388D.002,,,J01281,,2019-10-17 00:00:00,,2020-02-06 00:00:00,2020-03-11 00:00:00,2020-03-13 00:00:00,Closed
300388D.002,,,J02388,,2020-03-03 00:00:00,,2020-03-03 00:00:00,2020-03-03 00:00:00,2020-03-20 00:00:00,Closed
300388D.002,,,J03165,,2020-02-19,,2020-03-16 00:00:00,2020-03-18 00:00:00,2020-03-20 00:00:00,Closed
300388D.002,RCZ,237305,SJ03484,,2020-02-19T09:00:00,,2020-03-03 00:00:00,2020-04-01 00:00:00,2020-04-01 00:00:00,Closed
300388D.002,RCZ,236967,J01914,,2020-01-28T09:00:00,,2020-03-30 00:00:00,2020-04-01 00:00:00,2020-04-01 00:00:00,Closed
300388D.002,RCZ,232119,J03524,,2019-04-24T08:00:00,,2020-03-31 00:00:00,2020-04-01 00:00:00,2020-04-01 00:00:00,Closed
300388D.002,,232716,J02612,,2019-05-22 00:00:00,,2020-03-31 00:00:00,2020-04-01 00:00:00,2020-04-01 00:00:00,Closed
300388D.002,,234367,J03595,,2019-08-15 00:00:00,,2020-04-02 00:00:00,2020-04-03 00:00:00,2020-04-10 00:00:00,Closed
300388D.002,RCZ,236621,J01029,,2020-01-15T09:00:00,,2020-04-03 00:00:00,2020-04-06 00:00:00,2020-04-10 00:00:00,Closed
300388D.002,RCZ,234712,J03342,,2019-09-10T08:00:00,,2020-04-03 00:00:00,2020-04-06 00:00:00,2020-04-10 00:00:00,Closed
300388D.002,RCZ,237304,J02660,,2020-02-19T09:00:00,,2020-04-07 00:00:00,2020-04-07 00:00:00,2020-04-10 00:00:00,Closed
300388D.002,RCZ,238100,J03878,,2020-03-25T08:00:00,,2020-04-07 00:00:00,2020-04-10 00:00:00,2020-04-17 00:00:00,Closed
300388D.002,RCZ,236665,J02631,,2020-01-22T09:00:00,,2020-04-10 00:00:00,2020-04-13 00:00:00,2020-04-17 00:00:00,Closed
300388D.002,,236966,J03515,,2020-01-28 00:00:00,,2020-04-14 00:00:00,2020-04-15 00:00:00,2020-04-17 00:00:00,CLOSED
300388D.002,,237303,J03957,,2020-02-19 00:00:00,,2020-04-13 00:00:00,2020-04-15 00:00:00,2020-04-17 00:00:00,CLOSED
300388D.002,RCZ,236620,J02659,,2020-01-15T09:00:00,,2020-04-09 00:00:00,2020-04-15 00:00:00,2020-04-17 00:00:00,CLOSED
300388D.002,RCZ,236627,J02415,,2020-01-15T09:00:00,,2020-05-08 00:00:00,2020-05-15 00:00:00,2020-05-22 00:00:00,Closed
300388D.002,RCZ,232022,J03397,,2019-04-16T08:00:00,,2020-05-15 00:00:00,2020-05-18 00:00:00,2020-05-22 00:00:00,Closed
300388D.002,,238452,J01395,,2020-04-09 00:00:00,,2020-05-21 00:00:00,2020-05-22 00:00:00,2020-05-29 00:00:00,Closed
300388D.002,RCZ,234500,J01624,,2019-08-27T08:00:00,,2020-05-19 00:00:00,2020-05-22 00:00:00,2020-05-29 00:00:00,Closed
300388D.002,RCF,240122,J01991,,2020-07-23T08:00:00,,2020-08-10 00:00:00,2020-08-10 00:00:00,2020-08-14 00:00:00,Closed
300388D.002,RCZ,240271,J03676,,2020-08-04T08:00:00,,2020-08-17 00:00:00,2020-08-19 00:00:00,2020-08-21 00:00:00,Closed
300388D.002,RCZ,240272,J02610,,2020-08-04T08:00:00,,2020-08-19 00:00:00,2020-08-19 00:00:00,2020-08-21 00:00:00,Closed
300388D.002,RCZ,240157,J04044,,2020-07-24T08:00:00,,2020-08-18 00:00:00,2020-08-25 00:00:00,2020-08-28 00:00:00,Closed
300388D.002,,240340,J03208,,2020-08-06 00:00:00,,2020-08-24 00:00:00,2020-08-25 00:00:00,2020-08-28 00:00:00,Closed
300388D.002,RCF,240399,J02631,,2020-08-13T08:00:00,,2020-04-10 00:00:00,2020-08-26 00:00:00,2020-08-28 00:00:00,Closed
300388D.002,,239535,SJ02929,,2020-06-16 00:00:00,,2020-08-26 00:00:00,2020-08-31 00:00:00,2020-09-04 00:00:00,Closed
300388D.002,,240273,J00908,,2020-08-04 00:00:00,,2020-08-25 00:00:00,2020-08-31 00:00:00,2020-09-04 00:00:00,Closed
300388D.002,RCZ,240269,J01891,,2020-08-04T08:00:00,,2020-08-27 00:00:00,2020-09-22 00:00:00,2020-09-22 00:00:00,Closed
300388D.002,,240373,SJ03442,,2020-08-12 00:00:00,,2020-08-28 00:00:00,2020-09-22 00:00:00,2020-09-22 00:00:00,Closed
300388D.002,,240741,J02174,,2020-09-02 00:00:00,,2020-10-05 00:00:00,2020-10-06 00:00:00,2020-10-09 00:00:00,Closed
300388D.002,,240271,J03292,,2020-08-27 00:00:00,,2020-10-02 00:00:00,2020-10-06 00:00:00,2020-10-09 00:00:00,Closed
300388D.002,,240723,J03608,,2020-08-27 00:00:00,,2020-10-07 00:00:00,2020-10-06 00:00:00,2020-10-09 00:00:00,CLOSED
300388D.002,,238891,SJ03073,,2020-04-28 00:00:00,,2020-10-06 00:00:00,2020-10-14 00:00:00,2020-10-16 00:00:00,Closed
300388D.002,,240722,J01663,,2020-08-27 00:00:00,,2020-10-07 00:00:00,2020-10-14 00:00:00,2020-10-16 00:00:00,Closed
300388D.002,,241065,J04025,,2020-09-23 00:00:00,,2020-10-08 00:00:00,2020-10-14 00:00:00,2020-10-16 00:00:00,Closed
300388D.002,RCZ,240592,SJ03785,,2020-08-25T08:00:00,,2020-10-13 00:00:00,2020-10-21 00:00:00,2020-10-23 00:00:00,CLOSED
300388D.002,,241457,J04006,,2020-10-06 00:00:00,,2020-10-30 00:00:00,2020-11-04 00:00:00,2020-11-13 00:00:00,Closed
300388D.002,,241246,SJ02477,,2020-09-29 00:00:00,,2020-11-03 00:00:00,2020-11-06 00:00:00,2020-11-13 00:00:00,Closed
300388D.002,RCZ,241458,J01991,,2020-10-06T08:00:00,,2020-11-17 00:00:00,2020-11-18 00:00:00,2020-11-20 00:00:00,Closed
300388D.002,RCZ,241718,J01441,,2020-11-02T09:00:00,,2020-11-18 00:00:00,2020-11-23 00:00:00,2020-12-04 00:00:00,Closed
300388D.002,RCF,241699,J04044,,2020-10-29T08:00:00,,2020-08-18 00:00:00,2020-12-01 00:00:00,2020-12-04 00:00:00,Closed
300388D.002,,235210,J04354,,2019-10-16 00:00:00,,2020-11-28 00:00:00,2020-12-04 00:00:00,2020-12-11 00:00:00,Closed
300388D.002,RCZ,236885,J02453,,2020-01-30T09:00:00,,2020-11-20 00:00:00,2020-12-04 00:00:00,2020-12-11 00:00:00,Closed
300388D.002,RCZ,237737,J01849,,2020-03-03T09:00:00,,2020-11-12 00:00:00,2020-12-15 00:00:00,2020-12-18 00:00:00,Closed
300388D.002,RCZ,236968,J03475,,2020-01-28T09:00:00,,2020-12-03 00:00:00,2020-12-15 00:00:00,2020-12-18 00:00:00,Closed
300388D,,235233,J03413,,2020-10-17 00:00:00,,,2020-12-16 00:00:00,SCRAPPED,Closed
300388D.002,RCZ,239651,J04030,,2020-06-18T08:00:00,,,2020-12-16 00:00:00,SCRAPPED,Closed
300388D.002,RCZ,241551,J03455,,2020-10-14T08:00:00,,2020-12-02 00:00:00,2020-12-16 00:00:00,2020-12-18 00:00:00,Closed
300388D.002,RCZ,240270,J03008,,2020-08-04T08:00:00,,2020-12-03 00:00:00,2020-12-16 00:00:00,2020-12-18 00:00:00,Closed
300388D.002,,241868,J03885,,2020-11-06 00:00:00,,2020-12-10 00:00:00,2020-12-16 00:00:00,2020-12-18 00:00:00,Closed
300388D.002,RCF,242474,J03608,,2020-12-17T09:00:00,,2020-10-07 00:00:00,2020-12-21 00:00:00,2020-12-31 00:00:00,Closed
300388D.002,,242307,SJ03441,,2020-12-05 00:00:00,,2020-12-23 00:00:00,2020-12-29 00:00:00,2020-12-31 00:00:00,Closed
300388D.002,RCZ,242306,J03884,,2020-12-05T09:00:00,,2020-12-22 00:00:00,2020-12-29 00:00:00,2020-12-31 00:00:00,Closed
300388D.002,RCF,242474,J03608,,2020-12-17T09:00:00,,2020-12-21 00:00:00,2021-12-21 00:00:00,2021-03-04 00:00:00,CLOSED
300388D.002,,242635,J03193,,2021-01-07 00:00:00,,2021-03-16 00:00:00,2021-04-15 00:00:00,2021-04-15 00:00:00,CLOSED
300388D.002,RCZ,242633,J03010,,2021-01-08T09:00:00,,2021-04-10 00:00:00,2021-01-08 00:00:00,2021-04-15 00:00:00,CLOSED
300388D.002,RCZ,243274,J01544,,2021-02-06T09:00:00,,2021-04-08 00:00:00,2021-02-06 00:00:00,2021-04-15 00:00:00,CLOSED
300388D.002,RCZ,242634,J04040,,2021-01-07T09:00:00,,2021-04-12 00:00:00,2021-01-07 00:00:00,2021-04-15 00:00:00,CLOSED
300388D.002,,241870,SJ00716,,2020-11-06 00:00:00,,2020-12-30 00:00:00,2020-11-06 00:00:00,2021-04-15 00:00:00,CLOSED
300388D.002,,243527,SJ03784,,2/29/2021,,2021-04-16 00:00:00,2/29/2021,2021-05-05 07:00:00,CLOSED
300388D.002,RCZ,243277,J03942,,2021-02-06T09:00:00,,2021-04-21 00:00:00,2021-02-06 00:00:00,2021-05-05 07:00:00,CLOSED
300388D.002,RCZ,243276,J03263,,2021-02-06T09:00:00,,2021-04-30 00:00:00,2021-02-06 00:00:00,2021-06-05 08:00:00,CLOSED
300388D.002,,242630,J03149,,2021-01-08 00:00:00,,2021-05-05 00:00:00,2021-01-08 00:00:00,2021-06-05 08:00:00,CLOSED
300388D.002,RCZ,243963,J02838,,2021-03-15T08:00:00,,2021-05-20 00:00:00,2021-03-15 00:00:00,2021-06-05 08:00:00,CLOSED
300388D.002,,243528,SJ03943,,2021-02-19 00:00:00,,2021-05-20 00:00:00,2021-02-19 00:00:00,2021-06-05 08:00:00,CLOSED
300388D.002,RCZ,243964,J02527,,2021-03-15T08:00:00,,2021-05-28 00:00:00,2021-03-15 00:00:00,2021-06-29 08:00:00,CLOSED
300388D.002,RCZ,244376,J03248,,2021-04-06T08:00:00,,2021-06-08 00:00:00,2021-04-06 00:00:00,2021-06-29 08:00:00,CLOSED
300388D.002,RCF,244638,J04044,,2021-04-15T07:00:00,,2021-06-09 00:00:00,2021-04-15 00:00:00,,CLOSED
300388D.002,,243275,J03197,,2021-02-06 00:00:00,,2021-05-21 00:00:00,2021-02-06 00:00:00,2021-06-05 08:00:00,CLOSED
300388D.002,RCZ,242632,J03148,,2021-01-08T09:00:00,,2021-04-29 00:00:00,2021-01-08 00:00:00,2021-06-05 08:00:00,CLOSED
300388D.002,RCF,244650,J04025,,2021-04-15T07:00:00,,2021-06-14 00:00:00,2021-04-15 00:00:00,2021-06-29 08:00:00,CLOSED
300388D.002,RCZ,244109,J03528,,2021-03-23T08:00:00,,2021-07-09 00:00:00,2021-03-23 00:00:00,2021-08-13 08:00:00,CLOSED
300388D.002,RCZ,244286,J02520,,2021-03-30T08:00:00,,2021-07-15 00:00:00,2021-03-30 00:00:00,2021-08-13 08:00:00,CLOSED
300388D.002,RCZ,244984,J02075,,2021-04-27T07:00:00,,2021-08-16 00:00:00,2021-04-27 00:00:00,2021-09-03 00:00:00,CLOSED
300388D.002,RCZ,245359,SJ02455,,2021-05-12T07:00:00,,2021-08-24 00:00:00,2021-05-12 00:00:00,2021-09-17 00:00:00,CLOSED
300388D.002,,245705,J03396,,2021-06-04 00:00:00,,2021-09-16 00:00:00,2021-06-04 00:00:00,2021-10-04 08:00:00,CLOSED
300388D.002,,242631,J03610,,2021-01-08 00:00:00,,2021-09-16 00:00:00,2021-01-08 00:00:00,2021-10-04 08:00:00,CLOSED
300388D.002,,246417,J04083,,2021-07-24 00:00:00,,2022-01-26 00:00:00,2021-07-24 00:00:00,2022-02-03 09:00:00,CLOSED
300388D.002,RCZ,248410,J03688,,2021-10-15T08:00:00,,2022-01-10 00:00:00,2022-01-06 00:00:00,2022-02-03 09:00:00,CLOSED
300388D.002,,250128,J00395,,2022-01-10 00:00:00,,2022-01-26 00:00:00,2022-01-10 00:00:00,2022-02-03 09:00:00,CLOSED
300388D.002,,250132,J03416,,2022-01-19 00:00:00,,2022-02-02 00:00:00,2022-01-19 00:00:00,,CLOSED
300388D.002,RCF,252335,J02861,,2022-01-24T09:00:00,,2022-02-01 00:00:00,2022-01-24 00:00:00,2022-02-18 00:00:00,CLOSED
300388D.002,RCF,251308,J03627,,2022-01-20T09:00:00,,2022-01-31 00:00:00,2022-01-20 00:00:00,2021-09-17 08:00:00,CLOSED
300388D.002,RCZ,258343,J03257,,2022-02-08T09:00:00,,2022-02-01 00:00:00,2022-02-08 00:00:00,2022-03-01 00:00:00,CLOSED
300388D.002,,258355,SJ03899,,2022-02-08 00:00:00,,2022-02-17 00:00:00,2022-02-08 00:00:00,2022-03-01 00:00:00,CLOSED
300388D.002,,246921,J03421,,2021-08-17 00:00:00,,2021-12-14 00:00:00,2021-08-17 00:00:00,2021-12-23 09:00:00,CLOSED
300388D.002,,246696,J03956,,2021-07-28 00:00:00,,2021-09-27 00:00:00,2021-07-28 00:00:00,2021-10-04 08:00:00,CLOSED
300388D.002,,246022,J03204,,2021-06-24 00:00:00,,2021-09-20 00:00:00,2021-06-24 00:00:00,2021-10-04 08:00:00,CLOSED
300388D.002,RCZ,246019,J02971,,2021-06-24T08:00:00,,2021-09-22 00:00:00,2021-06-24 00:00:00,2021-09-29 08:00:00,CLOSED
300388D.002,,241869,J04297,,2020-11-06 00:00:00,,2020-12-29 00:00:00,2020-11-06 00:00:00,2021-03-05 09:00:00,CLOSED
300388D.002,,247899,SJ02788,,2021-09-28 00:00:00,,2021-12-20 00:00:00,2021-09-28 00:00:00,2021-12-22 09:00:00,CLOSED
300388D.002,RCZ,247226,SJ03442,,2021-08-17T08:00:00,,2021-12-09 00:00:00,2021-08-17 00:00:00,2021-12-22 09:00:00,CLOSED
300388D.002,RCZ,246919,J03140,,2021-08-11T08:00:00,,2021-12-17 00:00:00,2021-08-11 00:00:00,2021-12-22 09:00:00,CLOSED
300388D.002,,246922,SJ03817,,2021-08-17 00:00:00,,2021-10-18 00:00:00,2021-08-17 00:00:00,2021-11-03 08:00:00,CLOSED
300388D.002,RCZ,246021,J01533,,2021-06-24T08:00:00,,2021-10-15 00:00:00,2021-06-24 00:00:00,2021-10-26 08:00:00,CLOSED
300388D.002,RCZ,245215,J03342,,2021-05-04T07:00:00,,2021-06-29 00:00:00,2021-05-04 00:00:00,2021-07-16 08:00:00,CLOSED
300388D.002,,244110,SJ03889,,2021-03-23 00:00:00,,2021-07-01 00:00:00,2021-03-23 00:00:00,2021-07-16 08:00:00,CLOSED
300388D.002,,246418,J03614,,2021-07-17 00:00:00,,2021-10-18 00:00:00,2021-07-17 00:00:00,2021-12-30 09:00:00,CLOSED
300388D.002,RCZ,245214,J02666,,2021-05-04T07:00:00,,2021-12-08 00:00:00,2021-05-04 00:00:00,2021-12-20 09:00:00,CLOSED
300388D.002,,243278,J03999,,2021-02-06 00:00:00,,2021-12-14 00:00:00,2021-02-06 00:00:00,2021-12-22 09:00:00,CLOSED
300388D.002,RCZ,246920,SJ03071,,2021-08-17T08:00:00,,2021-12-15 00:00:00,2021-08-17 00:00:00,2022-01-10 09:00:00,CLOSED
300388D.002,RCZ,248174,J00263,,2021-10-05T08:00:00,,2021-12-17 00:00:00,2021-10-05 00:00:00,2022-01-10 09:00:00,CLOSED
300388D.002,RCZ,246697,J03201,,2021-07-28T08:00:00,,2021-10-29 00:00:00,2021-07-28 00:00:00,2021-11-10 00:00:00,CLOSED
300388D.002,RCZ,245213,JO3579,,2021-05-04T07:00:00,,2021-11-01 00:00:00,2021-05-04 00:00:00,2021-11-04 08:00:00,CLOSED
300388D.002,,246419,SJ02599,,2021-07-14 00:00:00,,2021-10-27 00:00:00,2021-07-14 00:00:00,2021-11-10 00:00:00,CLOSED
300388D.002,RCZ,245638,J01900,,2021-05-26T08:00:00,,,2021-05-26 00:00:00,,CLOSED
300388D.002,RCZ,238082,J02259,,2020-03-24T08:00:00,,,2020-03-24 00:00:00,,CLOSED
300388D.002,,249132,J03497,,2021-12-02 00:00:00,,2022-01-03 00:00:00,2021-12-02 00:00:00,2022-01-10 09:00:00,CLOSED
300388D.002,RCZ,245431,J01849,,2021-05-17T08:00:00,,2021-12-23 00:00:00,2021-05-17 00:00:00,2022-01-10 09:00:00,CLOSED
300388D.002,RCZ,245639,J01363,,2021-05-26T08:00:00,,2021-12-22 00:00:00,2021-05-26 00:00:00,2022-01-10 09:00:00,CLOSED
300388D.002,RCZ,248337,J00908,,2021-10-13T08:00:00,,SUMITOMO,2021-10-02 00:00:00,2020-09-04 08:00:00,CLOSED
300388D.002,RCZ,249011,J01633,,2021-11-05T08:00:00,,SUMITOMO,2021-11-05 00:00:00,2022-02-01 00:00:00,CLOSED
300388D.002,RCZ,249007,J03957,,2021-11-08T09:00:00,,SUMITOMO,2021-11-08 00:00:00,2020-04-16 08:00:00,CLOSED
300388D.002,RCZ,249006,J03669,,2021-11-09T09:00:00,,SUMITOMO,2021-11-09 00:00:00,2022-02-01 00:00:00,CLOSED
300388D.002,RCZ,249767,J03355,,2021-12-14T09:00:00,,2021-01-13 00:00:00,2021-12-14 00:00:00,2022-02-03 09:00:00,CLOSED
300388D.002,RCZ,249764,J03086,,2021-12-14T09:00:00,,2021-01-12 00:00:00,2021-12-14 00:00:00,2022-02-03 09:00:00,CLOSED
300388D.002,RCZ,248338,J03029,,2021-10-13T08:00:00,,SUMITOMO,2021-10-13 00:00:00,2022-02-01 00:00:00,CLOSED
300388D.002,RCZ,245718,J02861,,2021-06-04T08:00:00,,2021-10-22 00:00:00,2021-10-28 00:00:00,2022-02-18 00:00:00,CLOSED
300388D.002,RCZ,248340,SJ03785,,2021-10-13T08:00:00,,2022-01-13 00:00:00,2021-10-13 00:00:00,2020-10-22 08:00:00,CLOSED
300388D.002,RCZ,249770,J01810,,2021-12-14T09:00:00,,2022-01-13 00:00:00,2021-12-14 00:00:00,2022-01-21 00:00:00,CLOSED
300388D.002,,258356,SJ02868,,2022-02-08 00:00:00,,2022-02-22 00:00:00,2022-02-08 00:00:00,,CLOSED
300388D.002,,258354,J02258,,2022-02-08 00:00:00,,2022-02-22 00:00:00,2022-02-08 00:00:00,,CLOSED
300388D.002,,ZVREP289348,J02302,,,,,2022-08-01 00:00:00,,COMPLETE
300388D.002,,ZVREP294357,J03208,,,,,2022-07-28 00:00:00,,COMPLETE
300388D.002,,ZVREP304365,J02716,,,,,2022-07-28 00:00:00,,COMPLETE
300388D.002,,ZVREP304366,J02056,,,,,2022-07-26 00:00:00,,COMPLETE
300388D.002,,ZVREP304370,J03195,,,,,2022-07-26 00:00:00,,COMPLETE
303388D.002,,ZVREP311335,J01663,,,,,2022-08-09 00:00:00,,COMPLETE
303388D.002,,332332,SJ3707,,2022-08-24 00:00:00,,,2022-09-22 00:00:00,,COMPLETE
303388D.002,,318361,J02968,,2022-07-20 00:00:00,,,2022-09-22 00:00:00,,COMPLETE
303388D.002,,318362,J01884,,2022-07-20 00:00:00,,,2022-09-15 00:00:00,,COMPLETE
303388D.002,,321345,J03421,,2022-07-26 00:00:00,,,2022-09-22 00:00:00,,COMPLETE
303388D.002,,338466,J02788,,2022-06-03 00:00:00,,,2022-10-07 00:00:00,,COMPLETE
303388D.002,,326356,J03633,,2022-08-10 00:00:00,,,2022-10-07 00:00:00,,COMPLETE
303388D.002,,330396,J01574,,2022-08-19 00:00:00,,,2022-10-07 00:00:00,,COMPLETE
303388D.002,,326360,J03870,,2022-08-10 00:00:00,,,2022-09-08 00:00:00,,COMPLETE
303388D.002,,326361,J04043,,2022-08-10 00:00:00,,,2022-09-08 00:00:00,,COMPLETE
303388D.002,,332333,SJ03914,,2022-08-24 00:00:00,,,2022-09-08 00:00:00,,COMPLETE
303388D.002,,323453,J02413,,2022-08-02 00:00:00,,,2022-08-02 00:00:00,,COMPLETE
303388D.002,,280359,J03996,,2022-04-08 00:00:00,,,2022-07-14 00:00:00,,COMPLETE
303388D.002,,289350,J03608,,2022-05-02 00:00:00,,,2022-07-14 00:00:00,,COMPLETE
303388D.002,,301335,SJ04095,,2022-07-14 00:00:00,,,2022-07-14 00:00:00,,COMPLETE
303388D.002,,258356,SJ02868,,2022-02-08 00:00:00,,,2022-02-08 00:00:00,,COMPLETE
303388D.002,,258354,J02258,,2022-02-08 00:00:00,,,2022-02-08 00:00:00,,COMPLETE
303388D.002,,274364,J03708,,2022-03-23 00:00:00,,,2022-04-21 00:00:00,,COMPLETE
303388D.002,,248339,J03292,,,,,2022-03-08 00:00:00,,COMPLETE
303388D.002,,249046,J04025,,,,,2022-03-28 00:00:00,,COMPLETE
303388D.002,,267349,J03454,,2022-03-08 00:00:00,,,2022-03-28 00:00:00,,COMPLETE
303388D.002,,274365,J03259,,2022-03-23 00:00:00,,,2022-04-18 00:00:00,,COMPLETE
303388D.002,,274375,J03197,,2022-03-23 00:00:00,,,2022-04-18 00:00:00,,COMPLETE
303388D.002,,338485,J03708,,2022-09-21 00:00:00,,2022-10-12 00:00:00,2022-10-13 00:00:00,2022-10-21 00:00:00,COMPLETE
303388D.002,,338481,J01858,,2022-09-21 00:00:00,,2022-10-12 00:00:00,2022-10-13 00:00:00,2022-10-21 00:00:00,COMPLETE
303388D.002,,338482,SJ03785,,2022-09-21 00:00:00,,2022-10-13 00:00:00,2022-10-19 00:00:00,2022-10-21 00:00:00,COMPLETE
303388D.002,,350557,J02818,,2022-10-25 00:00:00,,2022-10-20 00:00:00,2022-10-25 00:00:00,,COMPLETE
303388D.002,,338483,SJC2436,,2022-09-21 00:00:00,,2022-10-20 00:00:00,2022-10-25 00:00:00,,COMPLETE
303388D.002,,348525,SJ03914,,2022-10-20 00:00:00,GPR,,2022-11-10 00:00:00,,COMPLETE
303388D.002,,345470,J02413,,2022-10-06 00:00:00,GPR,,2022-11-15 00:00:00,,COMPLETE
303388D.002,,348542,SJ03908,,2022-10-20 00:00:00,2022-11-14 00:00:00,2022-12-12 00:00:00,2023-01-06 00:00:00,2022-01-05 00:00:00,COMPLETE
303388D.002,,342475,J04335,,2022-09-29 00:00:00,2022-11-10 00:00:00,2022-12-14 00:00:00,2023-01-07 00:00:00,2022-01-07 00:00:00,COMPLETE
303388D.002,,326355,J00549,,2022-08-10 00:00:00,,2022-09-02 00:00:00,2023-01-07 00:00:00,2022-01-07 00:00:00,COMPLETE
303388D.002,,342476,J04333,,2022-09-29 00:00:00,2022-11-10 00:00:00,11/31/2022,2023-01-07 00:00:00,2022-01-07 00:00:00,COMPLETE
303388D.002,,346481,SJ04131,,2022-10-12 00:00:00,2022-11-10 00:00:00,2022-12-05 00:00:00,2023-01-07 00:00:00,2022-01-07 00:00:00,COMPLETE
303388D.002,,348523,J02268,,2022-10-19 00:00:00,2022-11-14 00:00:00,2022-11-30 00:00:00,2023-01-07 00:00:00,2022-01-07 00:00:00,COMPLETE
303388D.002,,338484,J03944,,2022-09-21 00:00:00,,2023-01-23 00:00:00,2023-01-24 00:00:00,2023-02-03 00:00:00,COMPLETE
303388D.002,,338486,J01768,,2022-09-21 00:00:00,,2023-01-23 00:00:00,2023-01-24 00:00:00,2023-02-03 00:00:00,COMPLETE
300388D.002,,348524,J04074,,2022-10-19 00:00:00,2022-11-14 00:00:00,2023-01-24 00:00:00,2023-01-25 00:00:00,2023-02-03 00:00:00,COMPLETE
300388D.002,RCZ,304368,J01887,,2022-06-14T08:00:00,,2023-01-24 00:00:00,2023-01-25 00:00:00,2023-02-03 00:00:00,COMPLETE
300388D.002,,346480,SJ02855,,2022-10-12 00:00:00,2022-11-10 00:00:00,2023-01-25 00:00:00,2023-01-31 00:00:00,2023-02-03 00:00:00,COMPLETE
300388D.002,,356661,SJ04026,,2022-11-15 19:01:43,2023-01-09 00:00:00,2023-02-01 00:00:00,2023-02-03 00:00:00,,PASS
300388D.002,,364534,SJ03986,,44904.0438194444,1/9/2023,,2023-02-03 00:00:00,,PASS
300388D.002,RCZ,346479,J01230,,2022-10-12T08:00:00,2022-11-14 00:00:00,2023-01-25 00:00:00,2023-03-07 00:00:00,,PASS
300388D.002,RCZ,356660,J02082,,2022-11-15T09:00:00,,,2023-03-07 00:00:00,,PASS
300388D.002,RCZ,364537,J01574,,2022-12-08T09:00:00,2022-01-09 00:00:00,,2023-03-07 00:00:00,,PASS
300388D.002,RCZ,356662,J03583,,2022-11-15T09:00:00,2022-12-02 00:00:00,,2023-03-07 00:00:00,,PASS
300388D.002,RCZ,378725,J03197,,2023-01-24T09:00:00,,2023-03-10 00:00:00,2023-03-22 00:00:00,,COMPLETE
300388D.002,RCZ,364469,J03195,,2022-12-07T09:00:00,,2023-03-09 00:00:00,2023-03-22 00:00:00,,COMPLETE
300388D.002,RCZ,378723,J01998,,2023-01-24T09:00:00,,2023-03-14 00:00:00,2023-03-22 00:00:00,,COMPLETE
300388D.002,,378720,J01095,,2023-01-24 00:54:58,,2023-03-14 00:00:00,2023-03-22 00:00:00,,COMPLETE
300388D.002,RCZ,382473,SJ03482,,2023-02-07T09:00:00,,2023-03-28 00:00:00,2023-03-29 00:00:00,45037,COMPLETE
300388D.002,RCZ,378718,J02838,,2023-01-24T09:00:00,,2023-03-15 00:00:00,2023-03-27 00:00:00,45037,COMPLETE
300388D.002,,390479,J03246,,2023-03-02 00:00:00,,2023-03-27 00:00:00,2023-03-27 00:00:00,45037,COMPLETE
300388D.002,,378715,J30579,,2023-01-24 00:00:00,,2023-03-29 00:00:00,2023-04-17 00:00:00,45037,COMPLETE
300388D.002,RCZ,378722,J01991,,2023-01-24T09:00:00,,2023-03-23 00:00:00,2023-03-27 00:00:00,45037,COMPLETE
300388D.002,RCZ,387473,J03185,,2023-02-21T09:00:00,,2023-03-23 00:00:00,2023-03-27 00:00:00,45037,COMPLETE
300388D.002,RCZ,378714,J01849,,2023-01-23T09:00:00,,2023-03-23 00:00:00,2023-03-27 00:00:00,45037,COMPLETE
300388D.002,,390481,J03755,,2023-03-02 00:00:00,,2023-04-12 00:00:00,2023-04-20 00:00:00,,COMPLETE
300388D.002,RCZ,371504,J03838,,2023-01-04T09:00:00,,2023-04-12 00:00:00,2023-04-20 00:00:00,,COMPLETE
300388D,,402538,J04466,,2023-04-20 00:00:00,,,2023-04-21 00:00:00,,COMPLETE
300388D.002,,382470,J00716,,2023-02-07 00:00:00,,2023-04-21 00:00:00,2023-04-26 00:00:00,,COMPLETE
300388D.002,,382470,J00716,,2023-02-07 00:00:00,,2023-04-21 00:00:00,2023-04-26 00:00:00,,COMPLETE
300388D.002,RCZ,382474,J01812,,2023-02-07T09:00:00,,2023-04-21 00:00:00,2023-05-09 00:00:00,,COMPLETE
300388D.002,RCF,402532,SJ04026,,2023-04-19T07:00:00,,2023-04-26 00:00:00,2023-05-09 00:00:00,,COMPLETE
300388D.002,,398517,J03636,,2023-03-29 00:00:00,2023-04-20 00:00:00,2023-05-09 00:00:00,2023-05-10 00:00:00,,COMPLETE
300388D.002,,398518,J01109,,2023-03-29 00:00:00,2023-04-20 00:00:00,2023-05-09 00:00:00,2023-05-10 00:00:00,,COMPLETE
300388D.002,RCZ,398520,J03191,,2023-03-29T07:00:00,2023-04-21 00:00:00,2023-05-10 00:00:00,2023-05-30 00:00:00,,COMPLETE
300388D.002,,395501,J03252,,2023-03-21 00:00:00,2023-04-21 00:00:00,2023-05-10 00:00:00,2023-05-30 00:00:00,,COMPLETE
300388D.002,RCZ,395500,SJ03515,,2023-03-21T07:00:00,2023-04-21 00:00:00,2023-05-23 00:00:00,2023-05-30 00:00:00,,COMPLETE
300388D.002,RCF,407493,J01230,,2023-05-04T08:00:00,,,2023-07-20 00:00:00,2023-07-21 00:00:00,COMPLETE
300388D.002,RCF,408507,J03583,,2023-05-10T08:00:00,,,2023-07-20 00:00:00,2023-07-21 00:00:00,COMPLETE
300388D.002,,406525,SJ04018,,2023-05-02 21:53:24,,2023-08-09 00:00:00,2023-08-14 00:00:00,2023-09-07 00:00:00,COMPLETE
300388D.002,RCZ,398519,J04032,,2023-03-29T07:00:00,,2023-07-30 00:00:00,2023-08-14 00:00:00,2023-09-07 00:00:00,COMPLETE
300388D.002,,402544,SJ03452,,2023-04-20 16:40:44,2023-04-24 00:00:00,2023-08-09 00:00:00,2023-08-14 00:00:00,2023-09-07 00:00:00,COMPLETE
300388D.002,RCZ,338480,J02115,,2022-09-21T08:00:00,,2023-07-05 00:00:00,2023-08-14 00:00:00,2023-09-07 00:00:00,COMPLETE
300388D.002,RCZ,409512,J03004,,2023-05-11T08:00:00,2023-10-20 00:00:00,45232,11/14/2023.,,
300388D.002,,UNKNOWN,J00716,,2023-04-26,?,,,,
300388D.002,RCZ,409513,J03817,,2023-05-11T08:00:00,,45233,11/14/2023.,,
300388D.002,,UNKNOWN,J01710,,?,?,,,,
300388D.002,,398517,J03636,,2023-03-29 00:00:00,2023-04-20 00:00:00,2023-05-09 00:00:00,2023-05-10 00:00:00,,COMPLETE
300388D.002,RCZ,406526,J03372,,2023-05-02T08:00:00,,2023-12-05 00:00:00,2023-12-11 00:00:00,,COMPLETE
300388D.002,RCZ,415481,J01205,,2023-06-01T08:00:00,2023-10-23 00:00:00,2023-12-05 00:00:00,2023-12-11 00:00:00,,COMPLETE
300388D.002,,390480,J03517,,2023-03-02 20:00:04,,,2023-12-01 00:00:00,,COMPLETE
300388D.002,RCZ,420505,J03150,,2023-06-16T08:00:00,,,2023-12-01 00:00:00,,COMPLETE
300388D.002,RCZ,415482,J02985,,2023-06-01T08:00:00,,,2023-12-01 00:00:00,,COMPLETE
300388D.002,RCZ,437650,J03157,,2023-08-16T08:00:00,,,2023-12-01 00:00:00,,COMPLETE
300388D.002,RCZ,437649,J04074,,2023-08-16T08:00:00,,,2023-12-01 00:00:00,,COMPLETE
300388D.002,,437648,J02818,,2023-08-16 00:00:00,,,2024-01-20 00:00:00,,
300388D.002,,401479,J03154,,2023-04-11 00:00:00,,,2024-01-20 00:00:00,,COMPLETE
300388D.002,RCZ,406529,J03528,,2023-05-02T08:00:00,2023-05-23 00:00:00,,RZ/FG,,COMPLETE
300388D.002,,420504,J01695,,2023-06-16 00:00:00,,,RZ,,COMPLETE
300388D.002,,428522,J04015,,2023-07-13 00:00:00,2023-08-13 00:00:00,,RZ,,COMPLETE
300388D.002,RCZ,437644,J03816,,2023-08-16T08:00:00,,,RZ,,COMPLETE
300388D.002,,428523,SJ01800,,2023-07-13 00:00:00,,,RZ,,COMPLETE
300388D.002,,428524,J00992,,2023-07-13 00:00:00,2024-01-18 00:00:00,,RZ,,COMPLETE
300388D.002,,464677,J03252,,2023-11-08 00:00:00,2024-02-14 00:00:00,,2024-02-23 00:00:00,,COMPLETE
300388D.002,,458752,J04255,,2023-10-17 00:00:00,2024-02-14 00:00:00,,2024-02-23 00:00:00,,COMPLETE
300388D.002,RCZ,454619,J03257,,2023-10-03T08:00:00,2024-02-14 00:00:00,,2024-02-23 00:00:00,,COMPLETE
300388D.002,RCZ,464676,J03086,,2023-11-08T09:00:00,2024-02-14 00:00:00,,2024-02-23 00:00:00,,COMPLETE
300388D.002,,450617,J03875,,2023-09-21 00:00:00,2024-02-14 00:00:00,,2024-02-23 00:00:00,,COMPLETE
300388D.002,,454620,J03943,,2023-10-03 00:00:00,2024-02-14 00:00:00,,2024-02-23 00:00:00,,COMPLETE
300388D.002,RCZ,431612,J01259,,2023-07-26T08:00:00,,,,,COMPLETE
300388D.002,,441630,J02610,,,,,,,COMPLETE
300388D.002,,441629,J04004,,,,,,,COMPLETE
300388D.002,RCZ,450616,J04258,,2023-09-21T08:00:00,,,,,COMPLETE
300388D.002,RCZ,454617,J01849,,2023-10-03T08:00:00,,,,,COMPLETE
300388D.002,,490724,J02612,,,,,,,COMPLETE
300388D.002,RCZ,488700,J02535,,2024-02-26T09:00:00,,,,,COMPLETE
300388D.002,RCZ,488698,J03972,,2024-02-26T09:00:00,,,,,COMPLETE
300388D.002,RCZ,478743,J03055,,2024-01-25T09:00:00,,,,,COMPLETE
300388D.002,RCZ,488699,J03193,,2024-02-26T09:00:00,,,,,COMPLETE
300388D.002,RCZ,488697,J01281,,2024-02-26T09:00:00,,,,,COMPLETE
300388D.002,RCZ,497699,SJ03918,,2024-04-09T07:00:00,,,,,COMPLETE
,,478744,J04157,,,,,,,
 ,,454618,J04111,,,,,,,COMPLETE
300388D.002,RCZ,490723,J02302,,2024-03-13T07:00:00,,,,,COMPLETE
300388D.002,,495706,J02818,,,,,,,
300388D.002,,495705,J03816,,,,,,,
300388D.002,RCZ,477810,J00475,,2024-01-08T09:00:00,,,,,COMPLETE
300388D.002,RCZ,477809,J01711,,2024-01-08T09:00:00,,,,,COMPLETE
300388D.002,RCZ,478746,J02174,,2024-01-25T09:00:00,,,,,
300388D.002,RCZ,478747,J03248,,2024-01-25T09:00:00,,,,,
,,497821,SJ03300,,,,,,,
,,497822,J04333,,,,,,,
300388D.002,,478745,J03120,,2024-01-25,,,,,
300388D.002,RCF,495704,J03636,,2024-03-28T07:00:00,,,,,
300388D.002,RCZ,481957,J02631,,2024-02-06T09:00:00,,,,,
300388D.002,RCZ,478748,J03614,,2024-01-25T09:00:00,,,,,
300388D.002,RCZ,524887,J02324,,2024-08-08T08:00:00,,,,,
300388D.002,RCZ,524886,J03190,,2024-08-08T08:00:00,,,,,
300388D.002,RCZ,523890,J03999,,2024-08-06T08:00:00,,,,,
300388D.002,RCZ,523885,SJ02716,,2024-08-05T08:00:00,,,,,
300388D.002,RCZ,515903,J03411,,2024-06-27T08:00:00,,,,,
300388D.002,RCZ,515904,J02996,,2024-06-27T08:00:00,,,,,
300388D.002,RCZ,515905,J02659,,2024-06-27T08:00:00,,,,,
300388D.002,RCZ,510890,J02527,,2024-06-11T08:00:00,,,,,
300388D.002,RCZ,510889,J02571,,2024-06-11T08:00:00,,,,,
300388D.002,RCZ,502925,SJ04131,,2024-05-15T08:00:00,,,,,
300388D.002,RCZ,497818,J03676,,2024-04-17T08:00:00,,,,,
300388D.002,RCZ,477812,J01572,,2024-01-08T09:00:00,,,,,
300388D.002,RCZ,477811,J03100,,2024-01-08T09:00:00,,,,,
300388D.002,RCF,323337,J03191,,2022-08-01T08:00:00,,,,,
300388D.002,RCZ,318360,J03190,,2022-07-20T08:00:00,,,,,
300388D.002,RCZ,311335,J01663,,2022-06-29T08:00:00,,,,,
300388D.002,RCZ,304370,J03195,,2022-06-14T08:00:00,,,,,
300388D.002,RCZ,304366,J02056,,2022-06-14T08:00:00,,,,,
300388D.002,RCF,300336,J02788,,2022-06-03T08:00:00,,,,,
300388D.002,RCZ,289349,J03896,,2022-05-02T07:00:00,,,,,
300388D.002,RCZ,289351,J01711,,2022-05-02T07:00:00,,,,,
300388D.002,RCZ,283352,J00817,,2022-04-19T07:00:00,,,,,
300388D.002,RCZ,280360,J03191,,2022-04-08T07:00:00,,,,,
300388D.002,RCF,271429,J03957,,2022-03-16T08:00:00,,,,,
300388D.002,RCZ,267355,J03853,,2022-03-08T09:00:00,,,,,
300388D.002,RCZ,263341,J02324,,2022-02-22T09:00:00,,,,,
300388D.002,RCZ,263339,SJ03060,,2022-02-22T09:00:00,,,,,
300388D.002,RCF,262332,J03086,,2022-02-18T09:00:00,,,,,
300388D.002,RCF,249045,J04025,,2022-02-09T09:00:00,,,,,
300388D.002,RCF,249045,J04025,,2021-11-09T09:00:00,,,,,
300388D.002,RCZ,248381,J04044,,2021-10-15T08:00:00,,,,,
300388D.002,RCZ,247983,SJ02259,,2021-09-27T08:00:00,,,,,
300388D.002,RCZ,247227,J03146,,2021-08-17T08:00:00,,,,,
300388D.002,RCZ,241552,J03896,,2020-10-14T08:00:00,,,,,
300388D.002,RCZ,240332,J04044,,2020-08-05T08:00:00,,,,,
300388D.002,RCF,238648,J01776,,2020-04-23T07:00:00,,,,,
300388D.002,RCF,238588,J03972,,2020-04-15T08:00:00,,,,,
300388D.002,RCZ,237738,J03972,,2020-03-03T09:00:00,,,,,
300388D.002,RCZ,237736,J02388,,2020-03-03T09:00:00,,,,,
300388D.002,RCZ,236886,J02738,,2020-01-30T09:00:00,,,,,
300388D.002,RCF,235975,J01719,,2019-11-25T09:00:00,,,,,
300388D.002,RCZ,235715,J03942,,2019-11-04T09:00:00,,,,,
300388D.002,RCZ,235715,J03838,,2019-11-01T08:00:00,,,,,
300388D.002,RCZ,235232,J01281,,2019-10-17T08:00:00,,,,,
300388D.002,RCZ,232893,SJ03695,,2019-05-30T07:00:00,,,,,
300388D.002,RCF,232615,J03785,,2019-05-15T07:00:00,,,,,
300388D.002,RCZ,232618,J03165,,2019-05-14T07:00:00,,,,,
300388D.002,RCZ,232013,J03397,,2019-04-16T08:00:00,,,,,
300388D.002,RCZ,232014,J03190,,2019-04-16T08:00:00,,,,,
300388D.002,RCZ,231665,J04032,,2019-03-26T08:00:00,,,,,
300388D.002,RCF,228930,J01710,,2018-11-07T09:00:00,,,,,
300388D.002,RCZ,228521,J02480,,2018-10-11T08:00:00,,,,,
300388D.002,RCZ,226043,J01205,,2018-06-05T07:00:00,,,,,
300388D.002,RCZ,225846,J03416,,2018-05-17T07:00:00,,,,,
300388D.002,RCF,225614,J01776,,2018-05-04T08:00:00,,,,,
300388D.002,RCZ,224553,J02611,,2018-03-21T07:00:00,,,,,
300388D.002,RCZ,224209,J00635,,2018-03-06T08:00:00,,,,,
300388D.002,RCZ,220887,J00992,,2017-09-08T08:00:00,,,,,
300388D.002,RCF,218149,SJ04003,,2017-05-15T08:00:00,,,,,
300388D.002,RCZ,215880,J02587,,2017-01-17T08:00:00,,,,,
300388D.002,RCZ,215881,J03191,,2017-01-17T08:00:00,,,,,
300388D.002,RCF,45196,J02991,,2016-01-14T08:00:00,,,,,
300388D.002,RCZ,44307,J01441,,2015-11-17T08:00:00,,,,,
300388D.002,RCF,41511,J02082,,2015-05-26T08:00:00,,,,,
300388D.002,RCZ,31766,J02415,,2013-12-05T08:00:00,,,,,
300388D.002,RCZ,515901,J03375,,2024-06-27T08:00:00,,,,,
300388D.002,RCZ,502926,SJ00748,,2024-05-15T08:00:00,,,,,
300388D.002,RCZ,527923,SJ04044,,2024-06-27T08:00:00,,,,,
300388D.002,RCZ,492721,J04074,,2024-03-18,,,,,
300388D.002,RCZ,502924,J04461,,2024-05-15,,,,,
300388D.002,RCZ,502925,SJ04131,,2024-05-15,,,,,
300388D.002,RCZ,502927,J02260,,2024-05-15,,,,,
300388D.002,RCZ,510889,J02571,,2024-06-11,,,,,
300388D.002,RCZ,510890,J02527,,2024-06-11,,,,,
300388D.002,RCZ,515902,SJ04016,,2024-06-27,,,,,
300388D.002,RCZ,515903,J03411,,2024-06-27,,,,,
300388D.002,RCZ,515905,J02659,,2024-06-27,,,,,
300388D.002,RCZ,516895,J02258,,2024-07-03,,,,,
300388D.002,RCZ,516898,J04003,,2024-07-06,,,,,
300388D.002,RCZ,523885,SJ02716,,2024-08-06,,,,,
300388D.002,RCZ,523886,J02842,,2024-08-06,,,,,
300388D.002,RCZ,523890,J03999,,2024-08-06,,,,,
300388D.002,RCZ,524885,J02388,,2024-08-08,,,,,
300388D.002,RCZ,524886,J03190,,2024-08-08,,,,,
300388D.002,RCZ,524887,J02324,,2024-08-08,,,,,
300388D.002,RCZ,527924,SJ03260,,2024-08-08,,,,,
300388D.002,RCZ,502928,J03252,,2024-05-15,,,,,
